A1ZLJH74D1TRY6,£1.81,Sanwood 1 Pc Blackhead Comedone Acne Pimple Blemish Extractor Remover Tool,SANWOOD,https://www.amazon.co.uk/Sanwood-Blackhead-Comedone-Blemish-Extractor/dp/B01CY69OA4/ref=sr_1_9?dchild=1&m=A1ZLJH74D1TRY6&qid=1586627686&s=merchant-items&sr=1-9,11/04/20 17:55,4.1 out of 5 stars,"8,930 in Beauty ",#45 Face Spot Treatments,71  customer ratings,B01CY69OA4,https://images-na.ssl-images-amazon.com/images/I/51OpX96OhUL._AC_SY450_.jpg
A1ZLJH74D1TRY6,£1.79,20pcs Thin Guitar Picks 0.46mm / 0.71mm (0.71mm),Sanwood,https://www.amazon.co.uk/20pcs-Guitar-Picks-0-46mm-0-71mm/dp/B00G6AV4JO/ref=sr_1_8?dchild=1&m=A1ZLJH74D1TRY6&qid=1586627686&s=merchant-items&sr=1-8,11/04/20 17:55,4.2 out of 5 stars,"1,364 in Musical Instruments & DJ ",#83 Picks,"1,195  customer ratings",B00G6AV4JO,https://images-na.ssl-images-amazon.com/images/I/51WQsVCO6eL._AC_SX450_.jpg
A1ZLJH74D1TRY6,£2.63,Sanwood 13Pcs Sanding Files Buffer Block Nail Art Manicure Tools (Black Curved Nail File Set),SANWOOD,https://www.amazon.co.uk/Sanwood-Sanding-Buffer-Manicure-Curved/dp/B014R37TMC/ref=sr_1_7?dchild=1&m=A1ZLJH74D1TRY6&qid=1586627686&s=merchant-items&sr=1-7,11/04/20 17:55,4.4 out of 5 stars,"21,794 in Beauty ",#179 Nail Files,166  customer ratings,B014R37TMC,https://images-na.ssl-images-amazon.com/images/I/619pOoXBZBL._AC_SX466_.jpg
A1ZLJH74D1TRY6,£3.15,Sanwood Mountain Bike Bicycle Road Tire Devetail Front Rear Mudguard Fender Set Mud Guard,Sanwood,https://www.amazon.co.uk/Sanwood-Mountain-Bicycle-Devetail-Mudguard/dp/B013FP0FA6/ref=sr_1_6?dchild=1&m=A1ZLJH74D1TRY6&qid=1586627686&s=merchant-items&sr=1-6,11/04/20 17:55,3.5 out of 5 stars,"9,031 in Sports & Outdoors ",#12 Fenders,310  customer ratings,,https://images-na.ssl-images-amazon.com/images/I/51jN9XLu3cL._AC_SY450_.jpg
A1ZLJH74D1TRY6,£1.55,Sanwood - Adjustable Multi-layer Boho Starfish Anklet Vintage Ankle Bracelet For Women Buddha Foot Jewelry Summer Barefoot Beach Anklet,Sanwood -,https://www.amazon.co.uk/Sanwood-Adjustable-Multi-layer-Starfish-Bracelet/dp/B07FKG2DWQ/ref=sr_1_5?dchild=1&m=A1ZLJH74D1TRY6&qid=1586627686&s=merchant-items&sr=1-5,11/04/20 17:55,3.6 out of 5 stars,238 in Jewellery ,#7 Women's Anklets #50 Ornaments,19  customer ratings,B07FKG2DWQ,https://images-na.ssl-images-amazon.com/images/I/6198kXAQ0pL._AC_SX466_.jpg
A1ZLJH74D1TRY6,£1.86,10pcs Cute Sweet Girl Elastic Hair Band Ponytail Holder Accessories,SANWOOD,https://www.amazon.co.uk/10pcs-Elastic-Ponytail-Holder-Accessories/dp/B00RX5NH14/ref=sr_1_4?dchild=1&m=A1ZLJH74D1TRY6&qid=1586627686&s=merchant-items&sr=1-4,11/04/20 17:55,3.5 out of 5 stars,"8,991 in Beauty ",#136 Headbands,162  customer ratings,B00RX5NH14,https://images-na.ssl-images-amazon.com/images/I/61VhNdf7axL._AC_SX425_.jpg
A1ZLJH74D1TRY6,£2.19,Overlock Overedge Overcasting Sewing Machine Presser Rolled Hem Foot Tool,SANWOOD,https://www.amazon.co.uk/Overlock-Overedge-Overcasting-Machine-Presser/dp/B01HTC4SVS/ref=sr_1_2?dchild=1&m=A1ZLJH74D1TRY6&qid=1586627686&s=merchant-items&sr=1-2,11/04/20 17:55,4.3 out of 5 stars,"20,286 in Home & Kitchen ",#41 Sewing Machine Parts & Accessories,136  customer ratings,B01HTC4SVS,https://images-na.ssl-images-amazon.com/images/I/61Rzla-XjbL._AC_SY450_.jpg
A1ZLJH74D1TRY6,£2.05,Sanwood Silicone Cycling Bicycle Bike Saddle Seat Cover,Sanwood,https://www.amazon.co.uk/Sanwood-Silicone-Cycling-Bicycle-Saddle/dp/B0122NKLJ2/ref=sr_1_17?dchild=1&m=A1ZLJH74D1TRY6&qid=1586627693&s=merchant-items&sr=1-17,11/04/20 17:55,3.9 out of 5 stars,"30,479 in Sports & Outdoors ",#47 Bike Saddle Covers,219  customer ratings,,https://images-na.ssl-images-amazon.com/images/I/51Vz7CympFL._AC_SY355_.jpg
A1ZLJH74D1TRY6,£1.79,Sanwood 12x Makeup Double-End Eye Shadow Sponge Brushes Applicator Cosmetic Beauty Tool,SANWOOD,https://www.amazon.co.uk/Sanwood-Double-End-Brushes-Applicator-Cosmetic/dp/B01D1BSJDE/ref=sr_1_32?dchild=1&m=A1ZLJH74D1TRY6&qid=1586627693&s=merchant-items&sr=1-32,11/04/20 17:55,4.5 out of 5 stars,"89,250 in Beauty ",#347 Face Brushes,38  customer ratings,B01D1BSJDE,https://images-na.ssl-images-amazon.com/images/I/61qlqrwMsqL._AC_SX466_.jpg
A1ZLJH74D1TRY6,£2.05,10 Pcs Plastic Acrylic Nail Art Soak Off Clip Cap UV Gel Polish Remover Wrap Easy To Use Nail Tool (black),TianQin WY,https://www.amazon.co.uk/Plastic-Acrylic-Polish-Remover-black/dp/B018VJ8W60/ref=sr_1_31?dchild=1&m=A1ZLJH74D1TRY6&qid=1586627693&s=merchant-items&sr=1-31,11/04/20 17:56,4.3 out of 5 stars,"68,344 in Beauty ",#14 Nail Dotting Tools,228  customer ratings,B018VJ8W60,https://images-na.ssl-images-amazon.com/images/I/61r1620dlCL._AC_SX522_.jpg
A1ZLJH74D1TRY6,£3.92,Sanwood - - 36/48/72 Holes Constellation Canvas Roll-up Pouch Pencil Case Sketch Brush Bag size 48 Holes,Sanwood -,https://www.amazon.co.uk/Sanwood-Constellation-Canvas-Roll-up-Pencil/dp/B07FCLD3DR/ref=sr_1_30?dchild=1&m=A1ZLJH74D1TRY6&qid=1586627693&s=merchant-items&sr=1-30,11/04/20 17:56,5.0 out of 5 stars,"65,586 in Stationery & Office Supplies ",#1077 Pencil Cases,1 customer rating,B07FCLD3DR,https://images-na.ssl-images-amazon.com/images/I/71r%2BaXB3LOL._AC_SX466_.jpg
A1ZLJH74D1TRY6,£2.54,Sanwood Skipping Rope Jump Fitness Exercise Sport,Sanwood,https://www.amazon.co.uk/Sanwood-Skipping-Fitness-Exercise-Sport/dp/B01ABQ4UF8/ref=sr_1_29?dchild=1&m=A1ZLJH74D1TRY6&qid=1586627693&s=merchant-items&sr=1-29,11/04/20 17:56,4.6 out of 5 stars,"30,390 in Sports & Outdoors ",#329 Skipping Ropes,6  customer ratings,,https://images-na.ssl-images-amazon.com/images/I/61yXq%2BBRz%2BL._AC_SX569_.jpg
A1ZLJH74D1TRY6,£1.96,Mini Scrapbook Handmade Cut Card Craft Calico Printing DIY Paper Shaper Punch (Heart-shaped),L-FENG-UK,https://www.amazon.co.uk/Scrapbook-Handmade-Calico-Printing-Heart-shaped/dp/B00H8K7V48/ref=sr_1_28?dchild=1&m=A1ZLJH74D1TRY6&qid=1586627693&s=merchant-items&sr=1-28,11/04/20 17:56,4.2 out of 5 stars,"164,000 in Home & Kitchen ",#148 Punches (Home & Kitchen),96  customer ratings,B00H8K7V48,https://images-na.ssl-images-amazon.com/images/I/31n4-tVXZOL._AC_SY450_.jpg
A1ZLJH74D1TRY6,£1.99,New Cute Kids Children Waterproof Apron Cartoon Frog Printed Painting Cooking (Green),SANWOOD,https://www.amazon.co.uk/Children-Waterproof-Cartoon-Printed-Painting/dp/B00DDJY4KW/ref=sr_1_27?dchild=1&m=A1ZLJH74D1TRY6&qid=1586627693&s=merchant-items&sr=1-27,11/04/20 17:56,4.4 out of 5 stars,"202,511 in Home & Kitchen ",#617 Aprons (Home & Kitchen),60  customer ratings,B00DDJY4KW,https://images-na.ssl-images-amazon.com/images/I/512qb4-kiWL._AC_SX425_.jpg
A1ZLJH74D1TRY6,£6.38,Sanwood 100Pcs Disposable Arm Sleeves Covers Protective Waterproof Elastic Plastic Hotel Transparent,Sanwoodd,https://www.amazon.co.uk/Sanwood-Disposable-Protective-Waterproof-Transparent/dp/B0862C6C53/ref=sr_1_26?dchild=1&m=A1ZLJH74D1TRY6&qid=1586627693&s=merchant-items&sr=1-26,11/04/20 17:56,"38,394 in Grocery ",#193 Kitchen Cleaners,Be the first to write a review,B0862C6C53,,https://images-na.ssl-images-amazon.com/images/I/41foZ5nry1L._AC_SX569_.jpg
A1ZLJH74D1TRY6,£2.87,Sanwood 1Pc Artificial White Willow Foliage Leaf for DIY Wedding Bouquets Centerpieces Bridal Shower Party Home Decorations Grey White,Sanwoodd,https://www.amazon.co.uk/Sanwood-Artificial-Bouquets-Centerpieces-Decorations/dp/B07QN77BBT/ref=sr_1_22?dchild=1&m=A1ZLJH74D1TRY6&qid=1586627693&s=merchant-items&sr=1-22,11/04/20 17:56,4.4 out of 5 stars,"96,554 in Home & Kitchen ",#726 Decorative Artificial Flowers,6  customer ratings,B07QN77BBT,https://images-na.ssl-images-amazon.com/images/I/51EQTPZeHwL._AC_SX569_.jpg
A1ZLJH74D1TRY6,£1.89,Sanwood 1Pcs Pet Dog Puppy Cotton Braided Bone Rope Chew Knotted Tied Toy - Random colour,Sanwood,https://www.amazon.co.uk/Sanwood-Puppy-Cotton-Braided-Knotted/dp/B018HXI6XO/ref=sr_1_20?dchild=1&m=A1ZLJH74D1TRY6&qid=1586627693&s=merchant-items&sr=1-20,11/04/20 17:56,3.9 out of 5 stars,"26,953 in Pet Supplies ",#574 Chew Toys for Dogs,187  customer ratings,,https://images-na.ssl-images-amazon.com/images/I/71nE1VquUIL._AC_SX569_.jpg
A1ZLJH74D1TRY6,£2.19,"100 PCS Nail Drill Sanding Band Machine Replacement Bits Pedicure (180"")",SANWOOD,https://www.amazon.co.uk/Drill-Sanding-Machine-Replacement-Pedicure/dp/B00VFWAUN4/ref=sr_1_18?dchild=1&m=A1ZLJH74D1TRY6&qid=1586627693&s=merchant-items&sr=1-18,11/04/20 17:56,4.6 out of 5 stars,"58,051 in Beauty ",#178 Manicure & Pedicure Powered Appliances,34  customer ratings,B00VFWAUN4,https://images-na.ssl-images-amazon.com/images/I/51Ye-4tOTSL._AC_SY450_.jpg
A1ZLJH74D1TRY6,£1.69,Waymeduo Retractable Metal Steel Recoil Ring Key Chain,Sanwood,https://www.amazon.co.uk/Retractable-Metal-Steel-Recoil-Chain/dp/B00VYEZQGY/ref=sr_1_48?dchild=1&m=A1ZLJH74D1TRY6&qid=1586627753&s=merchant-items&sr=1-48,11/04/20 17:57,3.0 out of 5 stars,"4,317 in Luggage ",#857 Keyrings & Keychains,104  customer ratings,,https://images-na.ssl-images-amazon.com/images/I/51D83%2Bi-bRL._AC_SY355_.jpg
A1ZLJH74D1TRY6,£2.11,Sanwood Catch and Fetch Pet Toy Ball Dog Puppy Cat Teeth Chew Sound - Random Color,Sanwood,https://www.amazon.co.uk/Sanwood-Catch-Fetch-Puppy-Teeth/dp/B01DBJKMZE/ref=sr_1_47?dchild=1&m=A1ZLJH74D1TRY6&qid=1586627753&s=merchant-items&sr=1-47,11/04/20 17:57,2.1 out of 5 stars,"63,051 in Pet Supplies ",#1166 Chew Toys for Dogs,2  customer ratings,B01DBJKMZE,https://images-na.ssl-images-amazon.com/images/I/61wIX0hEYOL._AC_SX522_.jpg
A1ZLJH74D1TRY6,£2.01,Sanwood - Hollow Rose Flower Pattern Cylinder Pen Pencil Pot Holder Container Organizer (White),Sanwood -,https://www.amazon.co.uk/Sanwood-Pattern-Cylinder-Container-Organizer/dp/B07FZ4YMQF/ref=sr_1_46?dchild=1&m=A1ZLJH74D1TRY6&qid=1586627753&s=merchant-items&sr=1-46,11/04/20 17:57,5.0 out of 5 stars,"79,774 in Stationery & Office Supplies ",#606 Pencil Holders,1 customer rating,B07FZ4YMQF,https://images-na.ssl-images-amazon.com/images/I/517QaqSwX%2BL._AC_SX679_.jpg
A1ZLJH74D1TRY6,£2.05,Mini Scrapbook Handmade Cut Card Craft Calico Printing DIY Paper Shaper Punch (Paw),SANWOOD,https://www.amazon.co.uk/Scrapbook-Handmade-Calico-Printing-Shaper/dp/B00H8K7V34/ref=sr_1_45?dchild=1&m=A1ZLJH74D1TRY6&qid=1586627753&s=merchant-items&sr=1-45,11/04/20 17:57,3.2 out of 5 stars,"208,409 in Home & Kitchen ",#193 Punches (Home & Kitchen),56  customer ratings,B00H8K7V34,https://images-na.ssl-images-amazon.com/images/I/41K12UXwLtL._AC_SY450_.jpg
A1ZLJH74D1TRY6,£2.60,Sanwood 12Pcs 0.5mm Black Gel Ink Pen Study Office Stationery Rollerball,Sanwood,https://www.amazon.co.uk/Sanwood-12Pcs-Office-Stationery-Rollerball/dp/B01A8J9P76/ref=sr_1_44?dchild=1&m=A1ZLJH74D1TRY6&qid=1586627753&s=merchant-items&sr=1-44,11/04/20 17:57,"64,477 in Stationery & Office Supplies ",#687 Stick Ballpoint Pens,Be the first to write a review,B01A8J9P76,,https://images-na.ssl-images-amazon.com/images/I/61%2BFpwSg3YL._AC_SY355_.jpg
A1ZLJH74D1TRY6,£5.24,"Sanwood Dog Pet Cat Soft Blanket Footprint Puppy (L, Pink )",Sanwood,https://www.amazon.co.uk/Sanwood-Soft-Blanket-Footprint-Puppy/dp/B01D2U5NZ6/ref=sr_1_42?dchild=1&m=A1ZLJH74D1TRY6&qid=1586627753&s=merchant-items&sr=1-42,11/04/20 17:57,4.3 out of 5 stars,"61,525 in Pet Supplies ",#52 Cat Bed Blankets,39  customer ratings,B01D2U5NZ6,https://images-na.ssl-images-amazon.com/images/I/61%2BBi7PPx7L._AC_SX466_.jpg
A1ZLJH74D1TRY6,£2.59,"Sanwood® Baby Kids Boys Girls Toddler Canvas Shoes (13cm, Seven Colours)",Sanwood,https://www.amazon.co.uk/Sanwood%C2%AE-Girls-Toddler-Canvas-Colours/dp/B019374ZLU/ref=sr_1_41?dchild=1&m=A1ZLJH74D1TRY6&qid=1586627753&s=merchant-items&sr=1-41,11/04/20 17:57,4.0 out of 5 stars,"6,188 in Shoes & Bags ",#52 Baby Girls' First Walking Shoes,62  customer ratings,B019374ZLU,https://images-na.ssl-images-amazon.com/images/I/61OfmDQ808L._AC_SX679_.jpg
A1ZLJH74D1TRY6,£4.15,Sanwood 12 Colors Eye Shadow Lip Liner Eyeliner Eyebrow Pen Makeup,SANWOOD,https://www.amazon.co.uk/Sanwood-Colors-Shadow-Eyeliner-Eyebrow/dp/B014QMFVWO/ref=sr_1_40?dchild=1&m=A1ZLJH74D1TRY6&qid=1586627753&s=merchant-items&sr=1-40,11/04/20 17:57,3.8 out of 5 stars,"90,585 in Beauty ",#713 Eyeliners,83  customer ratings,B014QMFVWO,https://images-na.ssl-images-amazon.com/images/I/71GxPi4FwxL._AC_SY355_.jpg
A1ZLJH74D1TRY6,£2.09,San wood Nine-pointed Star Paper Hanging Decoration for Kids Room Party Classroom 30cm (Yellow),San wood,https://www.amazon.co.uk/San-wood-Nine-pointed-Decoration-Classroom/dp/B07CVW2V3K/ref=sr_1_39?dchild=1&m=A1ZLJH74D1TRY6&qid=1586627753&s=merchant-items&sr=1-39,11/04/20 17:57,4.3 out of 5 stars,"118,327 in Toys & Games ",#9497 Kids' Party Decorations,32  customer ratings,B07CVW2V3K,https://images-na.ssl-images-amazon.com/images/I/51F4RVVUfNL._AC_SY355_.jpg
A1ZLJH74D1TRY6,£2.05,Sanwood 50pcs Sewing Cartoon Animal Wood Buttons (Heart),Sanwood,https://www.amazon.co.uk/Sanwood-Sewing-Cartoon-Animal-Buttons/dp/B01A2YRPJW/ref=sr_1_36?dchild=1&m=A1ZLJH74D1TRY6&qid=1586627753&s=merchant-items&sr=1-36,11/04/20 17:57,4.4 out of 5 stars,"60,660 in Home & Kitchen ",#290 Buttons,8  customer ratings,B01A2YRPJW,https://images-na.ssl-images-amazon.com/images/I/81Sg401G1uL._AC_SY450_.jpg
A1ZLJH74D1TRY6,£2.38,100 Pcs Black Cell Phone Lanyard Cords Strap Lariat Mobile Lobster Clasp,,https://www.amazon.co.uk/Black-Lanyard-Lariat-Mobile-Lobster/dp/B00N1Q2DPU/ref=sr_1_35?dchild=1&m=A1ZLJH74D1TRY6&qid=1586627753&s=merchant-items&sr=1-35,11/04/20 17:57,4.3 out of 5 stars, ,#44385 Mobile Phone Accessories,33  customer ratings,B00N1Q2DPU,https://images-na.ssl-images-amazon.com/images/I/61bRVn5UBLL._AC_SX466_.jpg
A1ZLJH74D1TRY6,£1.79,Sanwood Stainless Steel Mesh Sink Strainer Bath Hair Drain Hole Metal Flume Filter,SANWOOD,https://www.amazon.co.uk/Sanwood-Stainless-Steel-Strainer-Filter/dp/B019SRY222/ref=sr_1_34?dchild=1&m=A1ZLJH74D1TRY6&qid=1586627753&s=merchant-items&sr=1-34,11/04/20 17:57,3.6 out of 5 stars,"181,668 in Home & Kitchen ",#110 Drain Protectors,28  customer ratings,B019SRY222,https://images-na.ssl-images-amazon.com/images/I/516UkTpZ1sL._AC_SY450_.jpg
A1ZLJH74D1TRY6,£1.54,Sanwood Women's Rhinestone Flower Crystal Hair Clip Jewelry,SANWOOD,https://www.amazon.co.uk/Sanwood-Womens-Rhinestone-Crystal-Jewelry/dp/B012ICUHI2/ref=sr_1_64?dchild=1&m=A1ZLJH74D1TRY6&qid=1586627816&s=merchant-items&sr=1-64,11/04/20 17:58,3.9 out of 5 stars,"90,447 in Beauty ",#1042 Hair Clips & Barrettes,146  customer ratings,B012ICUHI2,https://images-na.ssl-images-amazon.com/images/I/61e-ozCJ9RL._AC_SY450_.jpg
A1ZLJH74D1TRY6,£1.82,Sanwood Women Flower Leaf Crystal Rhinestone Hair Barrette Clip Jewelry (Leaf + Champagne),SANWOOD,https://www.amazon.co.uk/Sanwood-Crystal-Rhinestone-Barrette-Champagne/dp/B01DKII1FY/ref=sr_1_63?dchild=1&m=A1ZLJH74D1TRY6&qid=1586627816&s=merchant-items&sr=1-63,11/04/20 17:58,4.0 out of 5 stars,"127,396 in Beauty ",#311 Hair Pins,30  customer ratings,B01DKII1FY,https://images-na.ssl-images-amazon.com/images/I/61EMukgfutL._AC_SX466_.jpg
A1ZLJH74D1TRY6,£1.75,Sanwood Underwear Clothes Bra Socks Laundry Washing Net Mesh Bag (30cmx40cm),SANWOOD,https://www.amazon.co.uk/Sanwood-Underwear-Clothes-Laundry-30cmx40cm/dp/B015U3J1RO/ref=sr_1_62?dchild=1&m=A1ZLJH74D1TRY6&qid=1586627816&s=merchant-items&sr=1-62,11/04/20 17:58,3.7 out of 5 stars,"207,625 in Home & Kitchen ",#243 Laundry Bags,49  customer ratings,B015U3J1RO,https://images-na.ssl-images-amazon.com/images/I/71jQKRww4wL._AC_SY450_.jpg
A1ZLJH74D1TRY6,£6.91,Pet Dog Lion Wigs Mane Hair Party Fancy,Sanwood,https://www.amazon.co.uk/Lion-Wigs-Mane-Party-Fancy/dp/B00ESUSPR8/ref=sr_1_60?dchild=1&m=A1ZLJH74D1TRY6&qid=1586627816&s=merchant-items&sr=1-60,11/04/20 17:58,3.7 out of 5 stars,"27,814 in Pet Supplies ",#18 Hair Accessories for Dogs,238  customer ratings,B00ESUSPR8,https://images-na.ssl-images-amazon.com/images/I/61QACVSp-%2BL._AC_SX466_.jpg
A1ZLJH74D1TRY6,£2.29,Sanwood Stainless Steel Nail Cuticle Spoon Pusher Remover Cutter Nipper Clipper Cut Set,SANWOOD,https://www.amazon.co.uk/Sanwood-Stainless-Cuticle-Remover-Clipper/dp/B017SNRH6Q/ref=sr_1_58?dchild=1&m=A1ZLJH74D1TRY6&qid=1586627816&s=merchant-items&sr=1-58,11/04/20 17:58,2.8 out of 5 stars,"128,759 in Beauty ",#1315 Nail Design Tools,2  customer ratings,B017SNRH6Q,https://images-na.ssl-images-amazon.com/images/I/51FUei8ZXHL._AC_SX466_.jpg
A1ZLJH74D1TRY6,£14.79,Sanwood 100Pcs Thicken Disposable Gloves Nitrile Powder Free Mechanic Use Purple L,Sanwoodd,https://www.amazon.co.uk/Sanwood-Thicken-Disposable-Nitrile-Mechanic/dp/B0865XQZS8/ref=sr_1_57?dchild=1&m=A1ZLJH74D1TRY6&qid=1586627816&s=merchant-items&sr=1-57,11/04/20 17:58,"130,024 in DIY & Tools ",#2038 Disposable Gloves,Be the first to write a review,B0865XQZS8,,https://images-na.ssl-images-amazon.com/images/I/51OOHG-p-%2BL._AC_SY450_.jpg
A1ZLJH74D1TRY6,£3.99,Sanwood 20Pcs Cosmetic Sets Powder Foundation Eyeshadow Lip Makeup Brushes,SANWOOD,https://www.amazon.co.uk/Sanwood-Cosmetic-Foundation-Eyeshadow-Brushes/dp/B0119JKIP2/ref=sr_1_55?dchild=1&m=A1ZLJH74D1TRY6&qid=1586627816&s=merchant-items&sr=1-55,11/04/20 17:58,4.4 out of 5 stars,"95,804 in Beauty ",#615 Make-up Brush Sets,106  customer ratings,B0119JKIP2,https://images-na.ssl-images-amazon.com/images/I/71W9455roKL._AC_SX569_.jpg
A1ZLJH74D1TRY6,£4.40,"Pastoral Tulle Window Embroidered Sheer Curtain for Kitchen Living, 1 Panel",Generic,https://www.amazon.co.uk/Pastoral-Window-Embroidered-Curtain-Kitchen/dp/B01JG696FS/ref=sr_1_54?dchild=1&m=A1ZLJH74D1TRY6&qid=1586627816&s=merchant-items&sr=1-54,11/04/20 17:58,4.6 out of 5 stars,"216,752 in Home & Kitchen ",#1723 Curtains,25  customer ratings,B01JG696FS,https://images-na.ssl-images-amazon.com/images/I/71fEEKDP5YL._AC_SX569_.jpg
A1ZLJH74D1TRY6,£1.99,"Black Universal Bike Flashlight Holder Light Mount Bicycle Handlebar Mount LED Flashlight Torch Mount Clamp Clip Holder Grip Bracket by SamGreatWorld, Style A",Phoenix B2C UK,https://www.amazon.co.uk/Bicycle-Helmet-Three-Safety-Colors/dp/B00PVM015G/ref=sr_1_65?dchild=1&m=A1ZLJH74D1TRY6&qid=1586627880&s=merchant-items&sr=1-65,11/04/20 17:59,4.2 out of 5 stars,"67,586 in Sports & Outdoors ",#99 Cycling Taillights,116  customer ratings,,https://images-na.ssl-images-amazon.com/images/I/51jM6YyLnKL._AC_SX425_.jpg
A1ZLJH74D1TRY6,£2.18,Ford Racing Light Switch Covers (single) Plates LS10156,Sanwood,https://www.amazon.co.uk/Racing-Switch-Covers-single-LS10156/dp/B00O80SY5Q/ref=sr_1_80?dchild=1&m=A1ZLJH74D1TRY6&qid=1586627880&s=merchant-items&sr=1-80,11/04/20 17:59,3.6 out of 5 stars,"53,300 in Pet Supplies ",#1012 Chew Toys for Dogs,131  customer ratings,B00O80SY5Q,https://images-na.ssl-images-amazon.com/images/I/81H45EPB3fL._AC_SX466_.jpg
A1ZLJH74D1TRY6,£3.25,Sanwood Clamp Key Trigger Capo for Acoustic Electric Classic Guitar (Golden),Sanwood,https://www.amazon.co.uk/Sanwood-Trigger-Acoustic-Electric-Classic/dp/B015E2T1PI/ref=sr_1_78?dchild=1&m=A1ZLJH74D1TRY6&qid=1586627880&s=merchant-items&sr=1-78,11/04/20 17:59,4.8 out of 5 stars,"18,631 in Musical Instruments & DJ ",#293 Capotastos,12  customer ratings,B015E2T1PI,https://images-na.ssl-images-amazon.com/images/I/51WUUzgOVzL._AC_SY355_.jpg
A1ZLJH74D1TRY6,£2.13,Sanwood - Outdoor Camouflage Fishing Reel Waist Bag Portable Tackle Holder Storage Pouch (Camouflage),Sanwood -,https://www.amazon.co.uk/Sanwood-Outdoor-Camouflage-Fishing-Portable/dp/B07DGTNPVK/ref=sr_1_77?dchild=1&m=A1ZLJH74D1TRY6&qid=1586627880&s=merchant-items&sr=1-77,11/04/20 17:59,5.0 out of 5 stars,"96,391 in Sports & Outdoors ",#156 Tackle Storage Bags,2  customer ratings,B07DGTNPVK,https://images-na.ssl-images-amazon.com/images/I/71rDvRIfrwL._AC_SY450_.jpg
A1ZLJH74D1TRY6,£2.28,4PCS Car Auto Tire Pressure Monitor Valve Stem Caps Sensor Indicator Eye Alert,Sanwood,https://www.amazon.co.uk/Pressure-Monitor-Valve-Sensor-Indicator/dp/B00KMOWPSO/ref=sr_1_76?dchild=1&m=A1ZLJH74D1TRY6&qid=1586627880&s=merchant-items&sr=1-76,11/04/20 17:59,3.7 out of 5 stars,"33,055 in Automotive ",#355 Valve Caps,350  customer ratings,B00KMOWPSO,https://images-na.ssl-images-amazon.com/images/I/71L6UWOLhiL._AC_SX450_.jpg
A1ZLJH74D1TRY6,£2.67,Sanwood Wedding Party Candy Organza Favour Gift Mini Jewelry Bags Pouches,SANWOOD,https://www.amazon.co.uk/Sanwood-Wedding-Organza-Jewelry-Pouches/dp/B0151BSHPW/ref=sr_1_75?dchild=1&m=A1ZLJH74D1TRY6&qid=1586627880&s=merchant-items&sr=1-75,11/04/20 17:59,4.5 out of 5 stars,"17,080 in Jewellery ",#1343 Boxes & Organisers,45  customer ratings,B0151BSHPW,https://images-na.ssl-images-amazon.com/images/I/71HAZ1fIYuL._AC_SX425_.jpg
A1ZLJH74D1TRY6,£1.75,1 Set Nail Art Sponge Stamper Shade Transfer Template Polish Manicure Tool,SANWOOD,https://www.amazon.co.uk/Sponge-Stamper-Transfer-Template-Manicure/dp/B00VJSUJ8A/ref=sr_1_73?dchild=1&m=A1ZLJH74D1TRY6&qid=1586627880&s=merchant-items&sr=1-73,11/04/20 17:59,4.0 out of 5 stars,"98,725 in Beauty ",#10811 Nail Design,73  customer ratings,B00VJSUJ8A,https://images-na.ssl-images-amazon.com/images/I/61np98-MS%2BL._AC_SY450_.jpg
A1ZLJH74D1TRY6,£2.89,Sanwood Portable Waterproof Travel Pouch Bag Zipper Toiletry Storage,Sanwood,https://www.amazon.co.uk/Sanwood-Portable-Waterproof-Toiletry-Sapphire/dp/B011R5K3EO/ref=sr_1_71?dchild=1&m=A1ZLJH74D1TRY6&qid=1586627880&s=merchant-items&sr=1-71,11/04/20 17:59,4.3 out of 5 stars,"79,071 in Sports & Outdoors ",#877 Hiking Bags & Packs,54  customer ratings,,https://images-na.ssl-images-amazon.com/images/I/61QQN7%2BGh7L._AC_SX569_.jpg
A1ZLJH74D1TRY6,£2.15,SANWOOD Bath Toy Organizer Mesh Storage Hanging Bag + 2 Hooked Suction Cups (White),SANWOOD,https://www.amazon.co.uk/Sanwood-Organizer-Storage-Hanging-Suction/dp/B01EHLV2AO/ref=sr_1_70?dchild=1&m=A1ZLJH74D1TRY6&qid=1586627880&s=merchant-items&sr=1-70,11/04/20 17:59,3.6 out of 5 stars,"251,936 in Home & Kitchen ",#457 Shower Organiser,18  customer ratings,B01EHLV2AO,https://images-na.ssl-images-amazon.com/images/I/71RyokL%2B-OL._AC_SX466_.jpg
A1ZLJH74D1TRY6,£1.65,Sanwood Women's 4Pcs Hair Twist Styling Clip Stick Bun Maker Braid Tool,SANWOOD,https://www.amazon.co.uk/Sanwood-Womens-Twist-Styling-Stick/dp/B015SV6RYS/ref=sr_1_68?dchild=1&m=A1ZLJH74D1TRY6&qid=1586627880&s=merchant-items&sr=1-68,11/04/20 17:59,3.2 out of 5 stars,"92,062 in Beauty ",#697 Ponytail Holders,165  customer ratings,B015SV6RYS,https://images-na.ssl-images-amazon.com/images/I/61fmoWQ42PL._AC_SX425_.jpg
A1ZLJH74D1TRY6,£2.08,SANWOOD Shaver Holder Washroom Suction Cup Hook Razor,SANWOOD,https://www.amazon.co.uk/Sanwood-Shaver-Holder-Washroom-Suction/dp/B015IVSNRW/ref=sr_1_67?dchild=1&m=A1ZLJH74D1TRY6&qid=1586627880&s=merchant-items&sr=1-67,11/04/20 17:59,4.1 out of 5 stars,"245,711 in Home & Kitchen ",#354 Toothbrush Holders,67  customer ratings,B015IVSNRW,https://images-na.ssl-images-amazon.com/images/I/51YanMh1-HL._AC_SY450_.jpg
A1ZLJH74D1TRY6,£1.78,Sanwood 1pcs Mini Eyeglasses Care Cleaning Spectacles Microfiber Cleaner,SANWOOD,https://www.amazon.co.uk/Sanwood-Eyeglasses-Cleaning-Spectacles-Microfiber/dp/B00WO683GG/ref=sr_1_66?dchild=1&m=A1ZLJH74D1TRY6&qid=1586627880&s=merchant-items&sr=1-66,11/04/20 17:59,3.8 out of 5 stars,"71,299 in Grocery ",#1022 Brushes,244  customer ratings,B00WO683GG,https://images-na.ssl-images-amazon.com/images/I/61BiwMpGcnL._AC_SY450_.jpg
A1ZLJH74D1TRY6,£1.99,Sanwood 100Pcs 2 Holes DIY Star Shape Wooden Button Scrapbook Craft Sewing,Sanwood,https://www.amazon.co.uk/Sanwood-100Pcs-Wooden-Button-Scrapbook/dp/B019F656OO/ref=sr_1_81?dchild=1&m=A1ZLJH74D1TRY6&qid=1586627945&s=merchant-items&sr=1-81,11/04/20 18:00,4.5 out of 5 stars,"54,323 in Home & Kitchen ",#257 Buttons,15  customer ratings,B019F656OO,https://images-na.ssl-images-amazon.com/images/I/71Ey7fNkwWL._AC_SX679_.jpg
A1ZLJH74D1TRY6,£3.80,Sanwood Extension Ponytail Hair Wrap Around Ribbon Clip-in Hairpiece (Dark Brown Straight),SANWOOD,https://www.amazon.co.uk/Sanwood-Extension-Ponytail-Hairpiece-Straight/dp/B015OC9N0Q/ref=sr_1_96?dchild=1&m=A1ZLJH74D1TRY6&qid=1586627945&s=merchant-items&sr=1-96,11/04/20 18:00,3.7 out of 5 stars,"152,527 in Beauty ",#4229 Hair Extensions,10  customer ratings,B015OC9N0Q,https://images-na.ssl-images-amazon.com/images/I/61VAaDDjaIL._AC_SY450_.jpg
A1ZLJH74D1TRY6,£1.81,Stainless Steel Spoon Tea Leaves Herb Mesh Ball Filter Squeeze Strainer,SANWOOD,https://www.amazon.co.uk/Stainless-Leaves-Filter-Squeeze-Strainer/dp/B00KLZIHFY/ref=sr_1_95?dchild=1&m=A1ZLJH74D1TRY6&qid=1586627945&s=merchant-items&sr=1-95,11/04/20 18:00,3.2 out of 5 stars,"268,869 in Home & Kitchen ",#62 Tea Ball Strainers,39  customer ratings,B00KLZIHFY,https://images-na.ssl-images-amazon.com/images/I/61PbMeXjJoL._AC_SX425_.jpg
A1ZLJH74D1TRY6,£2.99,Sanwood Women Pearls Beads Hair Band Rope Scrunchie Ponytail Holder (White),SANWOOD,https://www.amazon.co.uk/Sanwood-Pearls-Scrunchie-Ponytail-Holder/dp/B0142FDY7E/ref=sr_1_93?dchild=1&m=A1ZLJH74D1TRY6&qid=1586627945&s=merchant-items&sr=1-93,11/04/20 18:00,3.8 out of 5 stars,"137,736 in Beauty ",#1034 Ponytail Holders,25  customer ratings,B0142FDY7E,https://images-na.ssl-images-amazon.com/images/I/71oqyAnyQNL._AC_SY450_.jpg
A1ZLJH74D1TRY6,£2.29,Sanwood 5Pcs Fondant Cake Cookie Sugarcraft Cutters Decorating Molds Kitchen - Ramdom Colour (Star),SANWOOD,https://www.amazon.co.uk/Sanwood-Fondant-Sugarcraft-Cutters-Decorating/dp/B017NHDV0I/ref=sr_1_90?dchild=1&m=A1ZLJH74D1TRY6&qid=1586627945&s=merchant-items&sr=1-90,11/04/20 18:00,4.8 out of 5 stars,"249,575 in Home & Kitchen ",#1211 Cookie Cutters,28  customer ratings,B017NHDV0I,https://images-na.ssl-images-amazon.com/images/I/61cjg1-GPnL._AC_SY355_.jpg
A1ZLJH74D1TRY6,£1.99,Lovely 20Pcs Wedding Bridal Pearl Flower Rhinestone Crystal Hair Clip Pins Bridesmaid,SANWOOD,https://www.amazon.co.uk/Lovely-Wedding-Rhinestone-Crystal-Bridesmaid/dp/B00XH9F4F2/ref=sr_1_88?dchild=1&m=A1ZLJH74D1TRY6&qid=1586627945&s=merchant-items&sr=1-88,11/04/20 18:00,4.5 out of 5 stars,"106,511 in Beauty ",#1234 Hair Clips & Barrettes,132  customer ratings,B00XH9F4F2,https://images-na.ssl-images-amazon.com/images/I/61CPgj5qiiL._AC_SX425_.jpg
A1ZLJH74D1TRY6,£1.90,Sanwood Students Pencil Pen Bag Coin Pouch Zip Hasp (Light Blue),SANWOOD,https://www.amazon.co.uk/Sanwood-Students-Pencil-Pouch-Light/dp/B017LVS28M/ref=sr_1_86?dchild=1&m=A1ZLJH74D1TRY6&qid=1586627945&s=merchant-items&sr=1-86,11/04/20 18:00,3.5 out of 5 stars,"70,429 in Stationery & Office Supplies ",#2136 Desk Supplies Organisers & Dispensers,127  customer ratings,B017LVS28M,https://images-na.ssl-images-amazon.com/images/I/519stYZQjWL._AC_SX569_.jpg
A1ZLJH74D1TRY6,£2.10,"Sanwood Baby Girl Comfortable AntiSlip Princess Toddler Shoes (0-6 month, White)",Sanwood,https://www.amazon.co.uk/Sanwood-Comfortable-AntiSlip-Princess-Toddler/dp/B012W9VPP0/ref=sr_1_85?dchild=1&m=A1ZLJH74D1TRY6&qid=1586627945&s=merchant-items&sr=1-85,11/04/20 18:00,3.8 out of 5 stars,"27,413 in Shoes & Bags ",#62 Baby Girls' Booties #193 Baby Boys' First Walking Shoes,156  customer ratings,B012W9VPP0,https://images-na.ssl-images-amazon.com/images/I/61hcGGNsWpL._AC_SX425_.jpg
A1ZLJH74D1TRY6,£2.72,Women Fashion Fabric Lace Wide Stretch Headband Headwrap (Black),SANWOOD,https://www.amazon.co.uk/Fashion-Fabric-Stretch-Headband-Headwrap/dp/B00K0DX8X8/ref=sr_1_83?dchild=1&m=A1ZLJH74D1TRY6&qid=1586627945&s=merchant-items&sr=1-83,11/04/20 18:00,3.7 out of 5 stars,"127,773 in Beauty ",#2984 Headbands,38  customer ratings,B00K0DX8X8,https://images-na.ssl-images-amazon.com/images/I/41DZ96q-NWL._AC_SY355_.jpg
A1ZLJH74D1TRY6,£1.94,Sanwood Baby Boys Girls Socks Newborn White (I Love Dad),Sanwood,https://www.amazon.co.uk/Sanwood-Girls-Socks-Newborn-White/dp/B017JZG8RW/ref=sr_1_82?dchild=1&m=A1ZLJH74D1TRY6&qid=1586627945&s=merchant-items&sr=1-82,11/04/20 18:01,4.4 out of 5 stars,"39,523 in Clothing ",#110 Baby Boys' Socks,149  customer ratings,B017JZG8RW,https://images-na.ssl-images-amazon.com/images/I/61IEWIcdP5L._AC_SY450_.jpg
A1ZLJH74D1TRY6,£2.29,Sanwood® Cute Baby Boy Girl Waterproof Long Sleeve Bib Art Apron Smock (Type 1),Sanwood,https://www.amazon.co.uk/Sanwood%C2%AE-Waterproof-Sleeve-Apron-Smock/dp/B0196DKVCI/ref=sr_1_97?dchild=1&m=A1ZLJH74D1TRY6&qid=1586628004&s=merchant-items&sr=1-97,11/04/20 18:01,3.9 out of 5 stars,"29,688 in Baby Products ",#854 Bibs,98  customer ratings,B0196DKVCI,https://images-na.ssl-images-amazon.com/images/I/61lk880CWTL._AC_SX569_.jpg
A1ZLJH74D1TRY6,£1.69,"LED Dog Pet Night Safety Collar Flashing Light Up Collar Blue Nylon (M, Blue)",Sanwood,https://www.amazon.co.uk/Night-Safety-Collar-Flashing-Light/dp/B00E1YY7UU/ref=sr_1_112?dchild=1&m=A1ZLJH74D1TRY6&qid=1586628004&s=merchant-items&sr=1-112,11/04/20 18:01,3.4 out of 5 stars,"71,744 in Pet Supplies ",#3032 Basic Dog Collars,493  customer ratings,B00E1YY7UU,https://images-na.ssl-images-amazon.com/images/I/71EdwgKSekL._AC_SY450_.jpg
A1ZLJH74D1TRY6,£1.76,Sanwood 5Pcs Makeup Foundation Blender Face Sponge Powder Puff (Square),Sanwood,https://www.amazon.co.uk/Sanwood-Makeup-Foundation-Blender-Sponge/dp/B0105UCI86/ref=sr_1_111?dchild=1&m=A1ZLJH74D1TRY6&qid=1586628004&s=merchant-items&sr=1-111,11/04/20 18:01,3.9 out of 5 stars,"175,754 in Beauty ","#421 Makeup Sponges, Puffs & Wedges",34  customer ratings,B0105UCI86,https://images-na.ssl-images-amazon.com/images/I/61YR3MdIeML._AC_SY355_.jpg
A1ZLJH74D1TRY6,£2.22,Sanwood 3 Piece Stainless Steel Fork Spoon Chopsticks Portable Travel Camping Cutlery Set with Case (Purple),SANWOOD,https://www.amazon.co.uk/Sanwood-Stainless-Chopsticks-Portable-Camping/dp/B01D1E50YC/ref=sr_1_108?dchild=1&m=A1ZLJH74D1TRY6&qid=1586628004&s=merchant-items&sr=1-108,11/04/20 18:01,3.6 out of 5 stars,"283,456 in Home & Kitchen ",#509 Mixed Cutlery Sets,16  customer ratings,B01D1E50YC,https://images-na.ssl-images-amazon.com/images/I/61-tACqpREL._AC_SX466_.jpg
A1ZLJH74D1TRY6,£5.84,Sanwood Nautical Fishing Net Seaside Wall Beach Party Sea Shells Decoration,Generic,https://www.amazon.co.uk/Sanwood-Nautical-Fishing-Seaside-Decoration/dp/B01K9W1GM4/ref=sr_1_106?dchild=1&m=A1ZLJH74D1TRY6&qid=1586628004&s=merchant-items&sr=1-106,11/04/20 18:01,4.5 out of 5 stars,"349,078 in Home & Kitchen ",#157982 Arts & Crafts,17  customer ratings,B01K9W1GM4,https://images-na.ssl-images-amazon.com/images/I/71lKH74WE3L._AC_SX679_.jpg
A1ZLJH74D1TRY6,£2.18,Sanwood 50x Round Handmade Love Heart Buttons 2 Holes Wood Sewing DIY Scrapbook,Sanwood,https://www.amazon.co.uk/Sanwood-Handmade-Buttons-Sewing-Scrapbook/dp/B01CCL7Z6G/ref=sr_1_105?dchild=1&m=A1ZLJH74D1TRY6&qid=1586628004&s=merchant-items&sr=1-105,11/04/20 18:01,3.7 out of 5 stars,"455,172 in Home & Kitchen ",#2486 Buttons,14  customer ratings,B01CCL7Z6G,https://images-na.ssl-images-amazon.com/images/I/610ADNS636L._AC_SX679_.jpg
A1ZLJH74D1TRY6,£2.26,Sanwood Cartoon Flamingo Buckle Coin Purses Vintage Pouch Kiss-Lock Change Purse Wallets 4#,Sanwoodd,https://www.amazon.co.uk/Sanwood-Cartoon-Flamingo-Vintage-Kiss-Lock/dp/B07GLLT7N7/ref=sr_1_100?dchild=1&m=A1ZLJH74D1TRY6&qid=1586628004&s=merchant-items&sr=1-100,11/04/20 18:01,4.5 out of 5 stars,"15,409 in Luggage ",#312 Women's Coin Purses & Pouches,20  customer ratings,B07GLLT7N7,https://images-na.ssl-images-amazon.com/images/I/613wl0leHJL._AC_SX679_.jpg
A1ZLJH74D1TRY6,£2.06,4Pcs Makeup Cosmetic Tool Eyeshadow Foundation Blending Brush Set (Pink),SANWOOD,https://www.amazon.co.uk/Makeup-Cosmetic-Eyeshadow-Foundation-Blending/dp/B00UMYFYJ6/ref=sr_1_98?dchild=1&m=A1ZLJH74D1TRY6&qid=1586628004&s=merchant-items&sr=1-98,11/04/20 18:01,4.3 out of 5 stars,"117,567 in Beauty ",#168 Eye Brushes,575  customer ratings,B00UMYFYJ6,https://images-na.ssl-images-amazon.com/images/I/51ETalhhGLL._AC_SX425_.jpg
A1ZLJH74D1TRY6,£1.52,10Pcs Plastic Acrylic Nail Art Soak Off Clip Cap UV Gel Polish Remover Wrap Nail Tool (Rose-Red),Sanwood -,https://www.amazon.co.uk/Plastic-Acrylic-Polish-Remover-Rose-Red/dp/B01463FUJW/ref=sr_1_1?dchild=1&m=A1ZLJH74D1TRY6&qid=1586627686&s=merchant-items&sr=1-1,11/04/20 17:54,4.2 out of 5 stars,"5,266 in Beauty ",#64 Nail Design Tools,"1,062  customer ratings",B01463FUJW,https://images-na.ssl-images-amazon.com/images/I/61OJddEkhkL._AC_SY450_.jpg
A1ZLJH74D1TRY6,£2.61,10X Silicone Rose Muffin Cookie Cup Cake Baking Mold Chocolate Jelly Maker Mould,SANWOOD,https://www.amazon.co.uk/Silicone-Muffin-Cookie-Baking-Chocolate/dp/B00LM2AQBI/ref=sr_1_16?dchild=1&m=A1ZLJH74D1TRY6&qid=1586627686&s=merchant-items&sr=1-16,11/04/20 17:54,3.7 out of 5 stars,"33,699 in Home & Kitchen ",#76 Chocolate & Sweet Moulds,205  customer ratings,B00LM2AQBI,https://images-na.ssl-images-amazon.com/images/I/61uyTSQhYXL._AC_SX679_.jpg
A1ZLJH74D1TRY6,£1.96,SODIAL(R) 100pcs Colorful Flower Flatback Wooden Buttons Sewing Scrapbooking Craft,SANWOOD,https://www.amazon.co.uk/SODIAL-Colorful-Flatback-Buttons-Scrapbooking/dp/B00KV83EZ4/ref=sr_1_14?dchild=1&m=A1ZLJH74D1TRY6&qid=1586627686&s=merchant-items&sr=1-14,11/04/20 17:55,4.6 out of 5 stars,"82,667 in Home & Kitchen ",#421 Buttons,470  customer ratings,B00KV83EZ4,https://images-na.ssl-images-amazon.com/images/I/61YzvGzvTaL._AC_SY355_.jpg
A1ZLJH74D1TRY6,£2.89,8 Pcs Pink Makeup Brushes Set Eyeshadow Cosmetic Kit + Pink Case,SANWOOD,https://www.amazon.co.uk/Pink-Makeup-Brushes-Eyeshadow-Cosmetic/dp/B00PU1MKCK/ref=sr_1_13?dchild=1&m=A1ZLJH74D1TRY6&qid=1586627686&s=merchant-items&sr=1-13,11/04/20 17:55,4.5 out of 5 stars,"19,678 in Beauty ",#162 Make-up Brush Sets,249  customer ratings,B00PU1MKCK,https://images-na.ssl-images-amazon.com/images/I/61xN1cJFC6L._AC_SY450_.jpg
A1ZLJH74D1TRY6,£3.15,Sanwood Adjustable Foldable Training Badminton Net Regulation Nets,Sanwood,https://www.amazon.co.uk/Sanwood-Adjustable-Foldable-Badminton-Regulation/dp/B01IEVWKZY/ref=sr_1_10?dchild=1&m=A1ZLJH74D1TRY6&qid=1586627686&s=merchant-items&sr=1-10,11/04/20 17:55,3.8 out of 5 stars,"8,205 in Sports & Outdoors ",#15 Badminton Nets,14  customer ratings,https://images-na.ssl-images-amazon.com/images/I/61dYPF5ecqL._AC_SX466_.jpg,
