A2PKTH4096R956,£9.90,LARGE 3m CLOCHE GROW TUNNEL NETTING. PROTECT PLANTS FROM BIRD DAMAGE,Other,https://www.amazon.co.uk/CLOCHE-TUNNEL-NETTING-PROTECT-PLANTS/dp/B00JB6MA48/ref=sr_1_1?dchild=1&m=A2PKTH4096R956&qid=1586626247&s=merchant-items&sr=1-1,11/04/20 17:30,4.5 out of 5 stars,"1,096 in Garden & Outdoors ",#5 Plant Covers,119  customer ratings,B00JB6MA48,https://images-na.ssl-images-amazon.com/images/I/61gBMprZXhL._AC_SX425_.jpg
A2PKTH4096R956,£11.99,garden mile® Large 2.4M Black Metal Garden Arch Heavy Duty Strong Tubular Arbour For Roses Climbing Plants Support Archway garden Decoration,garden mile,https://www.amazon.co.uk/garden-Tubular-Climbing-Support-Decoration/dp/B07V4SZ7RR/ref=sr_1_9?dchild=1&m=A2PKTH4096R956&qid=1586626247&s=merchant-items&sr=1-9,11/04/20 17:30,4.2 out of 5 stars,"3,073 in Garden & Outdoors ",#4 Garden Arbours,70  customer ratings,B07V4SZ7RR,https://images-na.ssl-images-amazon.com/images/I/51X0KPI%2BHjL._AC_SY355_.jpg
A2PKTH4096R956,£22.90,GardMax 1.2M 60 PIECES GIANT WOODEN TUMBLING TOWER GAME INDOOR OUTDOOR GARDEN FAMILY GAMES KIDS,GardMax,https://www.amazon.co.uk/GardMax-PIECES-WOODEN-TUMBLING-OUTDOOR/dp/B072Q19V5Z/ref=sr_1_8?dchild=1&m=A2PKTH4096R956&qid=1586626247&s=merchant-items&sr=1-8,11/04/20 17:30,3.6 out of 5 stars,"1,066 in Toys & Games ",#6 Stacking & Balancing Games,29  customer ratings,B072Q19V5Z,https://images-na.ssl-images-amazon.com/images/I/51N9Y74zUrL._AC_.jpg
A2PKTH4096R956,£16.90,garden mile® Outdoor Garden Games for Kids Family Fun Swing Ball Tin Can Alley Giant Connect 4 Darts Dominoes Skittles Quoits Limbo Football (Garden Games Compendium),garden mile,https://www.amazon.co.uk/garden-Dominoes-Skittles-Football-Compendium/dp/B084KSMSLB/ref=sr_1_7?dchild=1&m=A2PKTH4096R956&qid=1586626247&s=merchant-items&sr=1-7,11/04/20 17:30,"5,193 in Toys & Games ",,#613 Games & Game Accessories,Be the first to write a review,B084KSMSLB,https://images-na.ssl-images-amazon.com/images/I/61TT9htzVdL._AC_SY355_.jpg
A2PKTH4096R956,£10.99,garden mile® 1M x 10M HEAVY DUTY WEED CONTROL FABRIC MULCH MEMBRANE GROUND SHEET GARDEN DRIVEWAY LANDSCAPE,garden mile,https://www.amazon.co.uk/GARDEN-CONTROL-MEMBRANE-DRIVEWAY-LANDSCAPE/dp/B01F3PQEQU/ref=sr_1_6?dchild=1&m=A2PKTH4096R956&qid=1586626247&s=merchant-items&sr=1-6,11/04/20 17:30,4.5 out of 5 stars,"3,582 in Garden & Outdoors ",#32 Weed Barrier Fabric,77  customer ratings,B01F3PQEQU,https://images-na.ssl-images-amazon.com/images/I/61wjqGgaCvL._AC_SY355_.jpg
A2PKTH4096R956,£11.89,garden mile® Large 2.4M Black Metal Garden Arch Heavy Duty Strong Tubular Arbour For Roses Climbing Plants Support Archway garden Decoration,garden mile,https://www.amazon.co.uk/Tubular-Climbing-Support-garden-Decoration/dp/B06XY2Z35X/ref=sr_1_4?dchild=1&m=A2PKTH4096R956&qid=1586626247&s=merchant-items&sr=1-4,11/04/20 17:30,4.3 out of 5 stars,690 in Garden & Outdoors ,#1 Garden Arbours,664  customer ratings,B06XY2Z35X,https://images-na.ssl-images-amazon.com/images/I/51q6hig1qTL._AC_SY450_.jpg
A2PKTH4096R956,£7.99,Garden Mile® 3.6kg Complete Bird Seed Bag Wild Bird Seed Mix Feed Garden Food Feeding Station All Seasons Table Seeds Winter Seeds Premium Feeder Small Large Bird Outdoor Birdseed Season Organic (3.6),garden mile,https://www.amazon.co.uk/Complete-Feeding-Station-Seasons-Birdseed/dp/B081H4HQPJ/ref=sr_1_2?dchild=1&m=A2PKTH4096R956&qid=1586626247&s=merchant-items&sr=1-2,11/04/20 17:31,3.9 out of 5 stars,165 in Garden & Outdoors ,#3 Bird Seed,11  customer ratings,B081H4HQPJ,https://images-na.ssl-images-amazon.com/images/I/41bD1DF3kSL._AC_.jpg
A2PKTH4096R956,£11.99,50FT FLAT GARDEN HOSE PIPE & REEL WITH SPRAY GUN OUTDOOR WATERING 15M HOSE PIPE,BIG DISCOUNTS UK,https://www.amazon.co.uk/50FT-GARDEN-SPRAY-OUTDOOR-WATERING/dp/B00HLP8B12/ref=sr_1_16?dchild=1&m=A2PKTH4096R956&qid=1586626247&s=merchant-items&sr=1-16,11/04/20 17:31,2.4 out of 5 stars,"7,712 in Garden & Outdoors ",#25 Garden Hose Reels,11  customer ratings,B00HLP8B12,https://images-na.ssl-images-amazon.com/images/I/51udX2vmF1L._AC_.jpg
A2PKTH4096R956,£23.45,NEW GIANT WOODEN TOWER TUMBLING BLOCKS OUTDOOR GARDEN GAME FUN PARTY,Hamble,https://www.amazon.co.uk/WOODEN-TUMBLING-BLOCKS-OUTDOOR-GARDEN/dp/B00XKL45OI/ref=sr_1_15?dchild=1&m=A2PKTH4096R956&qid=1586626247&s=merchant-items&sr=1-15,11/04/20 17:31,3.4 out of 5 stars,"5,801 in Toys & Games ",#18 Stacking & Balancing Games #562 Kids' Party Supplies #310 Building & Construction Toys,7  customer ratings,B00XKL45OI,https://images-na.ssl-images-amazon.com/images/I/31bUzFc2Y4L._AC_SX466_.jpg
A2PKTH4096R956,£9.99,HomeZone® Set of 3 Shabby Chic Floating Shelves White Shelving For Bathroom White Shelving Unit Wall Shelves White Shelves Floating Storage Shelves Decorative White Shelving Unit,HomeZone,https://www.amazon.co.uk/Homezone-Floating-Shelving-Bathroom-Decorative/dp/B079324FVJ/ref=sr_1_14?dchild=1&m=A2PKTH4096R956&qid=1586626247&s=merchant-items&sr=1-14,11/04/20 17:31,3.6 out of 5 stars,"15,251 in Home & Kitchen ",#48 Floating Shelves #19 Living Room Bookcases,55  customer ratings,B079324FVJ,https://images-na.ssl-images-amazon.com/images/I/512q%2BM32DYL._AC_SX425_.jpg
A2PKTH4096R956,£21.99,garden mile® Black 15kg Round Parasol Base Garden Outdoor Parasol Holder Decorative Patio Furniture Accessory Umbrella Strong Stable Durable,garden mile,https://www.amazon.co.uk/garden-Decorative-Furniture-Accessory-Umbrella/dp/B0861L9XWK/ref=sr_1_13?dchild=1&m=A2PKTH4096R956&qid=1586626247&s=merchant-items&sr=1-13,11/04/20 17:31,,"1,359 in Garden & Outdoors ",#26 Garden Parasols,Be the first to write a review,B0861L9XWK,https://images-na.ssl-images-amazon.com/images/I/61NF8EAXT6L._AC_SY450_.jpg
A2PKTH4096R956,£11.90,HomeZone® Retro White Wooden Shelf Floating Wall Mirror Display Unit Round Porthole Mirrored Wall Wooden Shelf Indoor Living Large Frame Rack Shelving Mirrors Bathroom Bedroom Hallway,HomeZone,https://www.amazon.co.uk/HomeZone%C2%AE-Floating-Porthole-Mirrored-Shelving/dp/B07ZDBQRHG/ref=sr_1_12?dchild=1&m=A2PKTH4096R956&qid=1586626247&s=merchant-items&sr=1-12,11/04/20 17:31,3.9 out of 5 stars,"12,232 in Home & Kitchen ",#29 Wall-Mounted Mirrors,21  customer ratings,B07ZDBQRHG,https://images-na.ssl-images-amazon.com/images/I/51G1oYcbGpL._AC_SY355_.jpg
A2PKTH4096R956,£10.40,"Grow tunnel net plant cover, suitable for a variety of vegetables & plants. Helps to deter birds & other pests.",,https://www.amazon.co.uk/tunnel-suitable-variety-vegetables-plants/dp/B01AIWA18K/ref=sr_1_11?dchild=1&m=A2PKTH4096R956&qid=1586626247&s=merchant-items&sr=1-11,11/04/20 17:31,4.6 out of 5 stars,"1,159 in Garden & Outdoors ",#6 Plant Covers,33  customer ratings,B01AIWA18K,https://images-na.ssl-images-amazon.com/images/I/81M5gZA8IwL._AC_SX679_.jpg
A2PKTH4096R956,£12.80,Petlicity Traditional Wooden Bird Table Garden Birds Feeder Feeding Station Free Standing Feeding Table Station Bird House,Petlicity,https://www.amazon.co.uk/Traditional-Feeding-Station-Standing-Quality/dp/B01155O2KC/ref=sr_1_10?dchild=1&m=A2PKTH4096R956&qid=1586626247&s=merchant-items&sr=1-10,11/04/20 17:31,3.1 out of 5 stars,"2,632 in Garden & Outdoors ",#35 Bird Feeders (Garden & Outdoors),80  customer ratings,B01155O2KC,https://images-na.ssl-images-amazon.com/images/I/51EUvSfgevL._AC_SX355_.jpg
A2PKTH4096R956,£17.90,Rustic Garden Supplies Ornamental Wheelbarrow Planter BAR5/B,Rustic Garden Supplies,https://www.amazon.co.uk/Rustic-Garden-Supplies-Wheelbarrow-BAR5/dp/B00B2KJEPE/ref=sr_1_32?dchild=1&m=A2PKTH4096R956&qid=1586626260&s=merchant-items&sr=1-32,11/04/20 17:31,4.2 out of 5 stars,"7,388 in Garden & Outdoors ",#439 Garden Décor #3 Outdoor Planter Urns #6 Cachepots,174  customer ratings,B00B2KJEPE,https://images-na.ssl-images-amazon.com/images/I/51zlOQzxhiL._AC_SY450_.jpg
A2PKTH4096R956,£14.99,garden mile® 2M x 10M HEAVY DUTY WEED CONTROL FABRIC MULCH MEMBRANE GROUND SHEET GARDEN DRIVEWAY LANDSCAPE FABRIC,garden mile,https://www.amazon.co.uk/garden-CONTROL-MEMBRANE-DRIVEWAY-LANDSCAPE/dp/B01F3PSY0O/ref=sr_1_30?dchild=1&m=A2PKTH4096R956&qid=1586626260&s=merchant-items&sr=1-30,11/04/20 17:31,4.7 out of 5 stars,"8,433 in Garden & Outdoors ",#64 Weed Barrier Fabric,102  customer ratings,B01F3PSY0O,https://images-na.ssl-images-amazon.com/images/I/61M8Cyw%2BGOL._AC_SY355_.jpg
A2PKTH4096R956,£9.99,"garden mile® Novelty 3 In 1 Wooden Wild Garden Bird Houses Nesting Box Predator Proof Small Birds Sparrows, Tits Robin Nester Garden Ornament",garden mile,https://www.amazon.co.uk/garden-Novelty-Predator-Sparrows-Ornament/dp/B085L9VCXJ/ref=sr_1_29?dchild=1&m=A2PKTH4096R956&qid=1586626260&s=merchant-items&sr=1-29,11/04/20 17:31,5.0 out of 5 stars,"8,116 in Garden & Outdoors ",#21 Birdhouses,1 customer rating,B085L9VCXJ,https://images-na.ssl-images-amazon.com/images/I/71u2a0h4UhL._AC_SX355_.jpg
A2PKTH4096R956,£5.99,garden mile® 1ft x 6ft Expanding Wooden Garden Trellis Robust Climbing Plant & Vegetable Support Natural Wood Garden Lattice Trellis (6ft x 1ft),garden mile,https://www.amazon.co.uk/garden-mile-Expanding-Climbing-Vegetable/dp/B06Y1ZBF8X/ref=sr_1_27?dchild=1&m=A2PKTH4096R956&qid=1586626260&s=merchant-items&sr=1-27,11/04/20 17:31,3.8 out of 5 stars,"3,649 in Garden & Outdoors ",#13 Garden Trellises,114  customer ratings,B06Y1ZBF8X,https://images-na.ssl-images-amazon.com/images/I/51F2oU3l9FL._AC_SX466_.jpg
A2PKTH4096R956,£6.88,Gadgetzone® 6PC Resistance Elastic Bands Loops For Fitness Training With Different Strength Levels Portable Home Gym Yoga Pilates Cross Keep Fit Sport Physio Therapy Stretching Muscle Body Workout,garden mile,https://www.amazon.co.uk/Gadgetzone%C2%AE-Resistance-Training-Different-Stretching/dp/B0863VMBY7/ref=sr_1_26?dchild=1&m=A2PKTH4096R956&qid=1586626260&s=merchant-items&sr=1-26,11/04/20 17:31,2.0 out of 5 stars,"4,273 in Sports & Outdoors ",#237 Strength Training Equipment,1 customer rating,,https://images-na.ssl-images-amazon.com/images/I/41ihYqZzryL._AC_.jpg
A2PKTH4096R956,£44.99,garden mile® Rocking Sun lounger and Cushion Pillow Decking Chair with Head Rest | Poolside Lounging Chair Garden Tanning Bed | Folding Steel Frame with Black Sling | Moon Orb Chair,garden mile,https://www.amazon.co.uk/garden-Rocking-lounger-Poolside-Lounging/dp/B07RZQR58N/ref=sr_1_25?dchild=1&m=A2PKTH4096R956&qid=1586626260&s=merchant-items&sr=1-25,11/04/20 17:31,4.6 out of 5 stars,"2,108 in Garden & Outdoors ",#25 Sunloungers #13 Garden Chairs,6  customer ratings,B07RZQR58N,https://images-na.ssl-images-amazon.com/images/I/51%2B24l6YjIL._AC_SY355_.jpg
A2PKTH4096R956,£9.49,Homezone® Large Solar Copper Hanging Firefly Lantern with LED Lights Patio Storm Vase Table Lantern Or Window Centre Piece Indoor Outdoor,HomeZone,https://www.amazon.co.uk/Homezone%C2%AE-Hanging-Firefly-Lantern-Outdoor/dp/B07B7NK2YS/ref=sr_1_24?dchild=1&m=A2PKTH4096R956&qid=1586626260&s=merchant-items&sr=1-24,11/04/20 17:31,3.7 out of 5 stars,"1,047 in Lighting ",#22 Lanterns,17  customer ratings,B07B7NK2YS,https://images-na.ssl-images-amazon.com/images/I/61gwpw2cXSL._AC_SX466_.jpg
A2PKTH4096R956,£9.99,garden mile® Solar Powered Mosaic Glass Colour changing LED Lantern Table Lamp Table Light Solar Lights LED Lanterns Party Lights Night Lights Indoor Outdoor Garden Lighting Christmas Table Lamp,garden mile,https://www.amazon.co.uk/garden-changing-Lanterns-Lighting-Christmas/dp/B084CSGQ1S/ref=sr_1_23?dchild=1&m=A2PKTH4096R956&qid=1586626260&s=merchant-items&sr=1-23,11/04/20 17:31,5.0 out of 5 stars,581 in Lighting ,#2 Outdoor Tabletop Lighting,1 customer rating,B084CSGQ1S,https://images-na.ssl-images-amazon.com/images/I/71%2BhepDon2L._AC_SX569_.jpg
A2PKTH4096R956,£21.90,Garden Mile® Large Vintage Modern Retro Style Garden Indoor/Outdoor Wall Clock Decorative Fence Ornament Mountable Weatherproof Weather Station Thermometer Home/Garden,HomeZone,https://www.amazon.co.uk/Decorative-Thermometer-Barometer-Mountable-Weatherproof/dp/B07B3V4SWB/ref=sr_1_22?dchild=1&m=A2PKTH4096R956&qid=1586626260&s=merchant-items&sr=1-22,11/04/20 17:31,4.7 out of 5 stars,"4,989 in Garden & Outdoors ",#3 Outdoor Clocks,63  customer ratings,B07B3V4SWB,https://images-na.ssl-images-amazon.com/images/I/61GaY8HDIHL._AC_SY450_.jpg
A2PKTH4096R956,£12.90,Carbon Steel Lawn Edging Tool for Garden and Lawn Versatile and Lightweight Gardener Hand Tools (91cm) made from Heat treated and oil cooled CARBON STEEL Strong Tough and Durable,HomeZone,https://www.amazon.co.uk/Versatile-Lightweight-Gardener-treated-Durable/dp/B07NQN8T6X/ref=sr_1_21?dchild=1&m=A2PKTH4096R956&qid=1586626260&s=merchant-items&sr=1-21,11/04/20 17:31,3.8 out of 5 stars,162 in Garden & Outdoors ,#1 Gardening Shovels & Spades,22  customer ratings,B07NQN8T6X,https://images-na.ssl-images-amazon.com/images/I/21IJ5-IaxFL._AC_SX355_.jpg
A2PKTH4096R956,£17.99,"HomeZone® 3 Pack White Wooden Lipped MULTI PURPOSE Picture Ledge Wall Shelves | Floating Shelf for the Bedroom, Living Room | Minimal White Home Decor Plant Shelf and Photo Ledge Interior Design 91CM",HomeZone,https://www.amazon.co.uk/HomeZone%C2%AE-PURPOSE-Picture-Floating-Interior/dp/B07SZ91L19/ref=sr_1_20?dchild=1&m=A2PKTH4096R956&qid=1586626260&s=merchant-items&sr=1-20,11/04/20 17:31,2.9 out of 5 stars,"2,767 in Home & Kitchen ",#4 Floating Shelves,50  customer ratings,B07SZ91L19,https://images-na.ssl-images-amazon.com/images/I/61fQJduYwCL._AC_SX466_.jpg
A2PKTH4096R956,£6.99,Smart Garden Flamboya Decor Bee Outdoor Garden Wall Art,Smart Garden,https://www.amazon.co.uk/Smart-Garden-Flamboya-Large-Outdoor/dp/B07B8H5JRJ/ref=sr_1_19?dchild=1&m=A2PKTH4096R956&qid=1586626260&s=merchant-items&sr=1-19,11/04/20 17:31,4.5 out of 5 stars,"3,564 in Garden & Outdoors ",#191 Garden Décor,30  customer ratings,B07B8H5JRJ,https://images-na.ssl-images-amazon.com/images/I/71J6q9NljzL._AC_SY450_.jpg
A2PKTH4096R956,£16.90,garden mile® Rustic Ornamental Wooden Wheelbarrow Planter Garden Outdoor Patio Plant Holder Trough Flower Pot Cart Ornament,garden mile,https://www.amazon.co.uk/HomeZone-Wheelbarrow-Ornamental-Planter-Ornament/dp/B07DC78FMQ/ref=sr_1_18?dchild=1&m=A2PKTH4096R956&qid=1586626260&s=merchant-items&sr=1-18,11/04/20 17:31,3.8 out of 5 stars,"5,664 in Garden & Outdoors ",#144 Flower Pots,22  customer ratings,B07DC78FMQ,https://images-na.ssl-images-amazon.com/images/I/414YqbBncuL._AC_SX425_.jpg
A2PKTH4096R956,£7.99,garden mile® Novelty Cat Garden Animal Tree Peeker Novelty Garden Ornaments Garden Tree Decoration Garden Sculpture Statues Home Decor. (Cat),garden mile,https://www.amazon.co.uk/garden-Novelty-Ornaments-Decoration-Sculpture/dp/B079L72CMQ/ref=sr_1_33?dchild=1&m=A2PKTH4096R956&qid=1586626270&s=merchant-items&sr=1-33,11/04/20 17:31,4.3 out of 5 stars,"6,068 in Garden & Outdoors ",#22 Outdoor Statues,179  customer ratings,B079L72CMQ,https://images-na.ssl-images-amazon.com/images/I/51EPdbo1ODL._AC_SY355_.jpg
A2PKTH4096R956,£20.99,"Garden Mile® 250w Lightweight Electric Grass Strimmer Lawn Edger, Twin Line Auto Feed Bump Spool Grass Cutter Garden Strimmer",garden mile,https://www.amazon.co.uk/Garden-Lightweight-Electric-Strimmer-Cutter/dp/B074K9HGDK/ref=sr_1_48?dchild=1&m=A2PKTH4096R956&qid=1586626270&s=merchant-items&sr=1-48,11/04/20 17:31,3.1 out of 5 stars,"3,224 in Garden & Outdoors ",#32 Grass Trimmers,28  customer ratings,B074K9HGDK,https://images-na.ssl-images-amazon.com/images/I/31-0VA4MWhL._AC_SY355_.jpg
A2PKTH4096R956,£16.90,garden mile® 2.5m Black Metal Garden Arch Heavy Duty Strong Tubular Arbour For Roses Climbing Plants Support Archway Garden Decoration,garden mile,https://www.amazon.co.uk/garden-Tubular-Climbing-Support-Decoration/dp/B084BQR6MD/ref=sr_1_46?dchild=1&m=A2PKTH4096R956&qid=1586626270&s=merchant-items&sr=1-46,11/04/20 17:31,,"10,692 in Garden & Outdoors ",#14 Garden Arbours,Be the first to write a review,B084BQR6MD,https://images-na.ssl-images-amazon.com/images/I/717SGqNRx%2BL._AC_SX679_.jpg
A2PKTH4096R956,£29.99,Smart Solar Peacock Windspinner Garden Light,Smart Solar Peacock Illuminated Garden Windspinner,https://www.amazon.co.uk/Smart-Solar-Peacock-Windspinner-Garden/dp/B07MTFDYN9/ref=sr_1_44?dchild=1&m=A2PKTH4096R956&qid=1586626270&s=merchant-items&sr=1-44,11/04/20 17:31,4.5 out of 5 stars,"11,151 in Garden & Outdoors ",#12 Wind Sculptures,28  customer ratings,B07MTFDYN9,https://images-na.ssl-images-amazon.com/images/I/719ZjIg5wlL._AC_SX569_.jpg
A2PKTH4096R956,£27.90,garden mile® Wall Fixed Indoor Or Outdoor Retractable Washing Line Space Saving Folding Rotary Airer 26m Clothes Line Silver,garden mile,https://www.amazon.co.uk/Outdoor-Retractable-Washing-Folding-Clothes/dp/B06XXWSFCK/ref=sr_1_43?dchild=1&m=A2PKTH4096R956&qid=1586626270&s=merchant-items&sr=1-43,11/04/20 17:31,4.1 out of 5 stars,"8,477 in Home & Kitchen ",#37 Rotary Airers,12  customer ratings,B06XXWSFCK,https://images-na.ssl-images-amazon.com/images/I/61k1KAT25HL._AC_SY355_.jpg
A2PKTH4096R956,£16.99,garden mile® Peacock Glass Birdbath Feeder with Stake | Colourful Hand Painted Exotic Bird Glass Bowl Easy to Assemble Garden Centrepiece Decoration,garden mile,https://www.amazon.co.uk/garden-Birdbath-Colourful-Centrepiece-Decoration/dp/B07QCNX7L4/ref=sr_1_41?dchild=1&m=A2PKTH4096R956&qid=1586626270&s=merchant-items&sr=1-41,11/04/20 17:31,4.9 out of 5 stars,"3,666 in Garden & Outdoors ",#10 Birdbaths & Supports,28  customer ratings,B07QCNX7L4,https://images-na.ssl-images-amazon.com/images/I/31QDDTaIXXL._AC_.jpg
A2PKTH4096R956,£11.99,OnlineDiscountStore 2.4M STEEL GARDEN ROSE ARCH FOR CLIMBING PLANTS TRELLIS,OnlineDiscountStore,https://www.amazon.co.uk/STEEL-GARDEN-CLIMBING-PLANTS-TRELLIS/dp/B00FFCQ638/ref=sr_1_40?dchild=1&m=A2PKTH4096R956&qid=1586626270&s=merchant-items&sr=1-40,11/04/20 17:31,4.0 out of 5 stars,"10,774 in Garden & Outdoors ",#15 Garden Arbours,48  customer ratings,B00FFCQ638,https://images-na.ssl-images-amazon.com/images/I/61CdljqfEXL._AC_SY355_.jpg
A2PKTH4096R956,£15.40,Babz 4 x LED SOLAR POWER WALL LANTERN LAMP SUN LIGHTS BLACK OUTDOOR MOUNT GARDEN,Babz,https://www.amazon.co.uk/Babz-LANTERN-LIGHTS-OUTDOOR-GARDEN/dp/B00TDQ4LZC/ref=sr_1_39?dchild=1&m=A2PKTH4096R956&qid=1586626270&s=merchant-items&sr=1-39,11/04/20 17:31,3.5 out of 5 stars,"1,204 in Lighting ",#38 Outdoor Wall Lights,92  customer ratings,B00TDQ4LZC,https://images-na.ssl-images-amazon.com/images/I/41R8wXP8uJL._AC_SX466_.jpg
A2PKTH4096R956,£109.99,Smart Garden Solar Duck Family Umbrella Fountain,Smart Garden,https://www.amazon.co.uk/Smart-Garden-Family-Umbrella-Fountain/dp/B00SRJH21G/ref=sr_1_38?dchild=1&m=A2PKTH4096R956&qid=1586626270&s=merchant-items&sr=1-38,11/04/20 17:31,4.6 out of 5 stars,"7,422 in Garden & Outdoors ",#7 Outdoor Fountains,143  customer ratings,B00SRJH21G,https://images-na.ssl-images-amazon.com/images/I/91PluOKOzVL._AC_SY741_.jpg
A2PKTH4096R956,£166.66,Pair of Mirrored bedside tables units cabinets with three drawers and crystal handles,Pair of Mirrored Three Drawer Bedside Tables,https://www.amazon.co.uk/Pair-Mirrored-bedside-cabinets-drawers/dp/B079XZ4VBV/ref=sr_1_37?dchild=1&m=A2PKTH4096R956&qid=1586626270&s=merchant-items&sr=1-37,11/04/20 17:31,4.5 out of 5 stars,"17,833 in Home & Kitchen ",#18 Bedside Tables,125  customer ratings,B079XZ4VBV,https://images-na.ssl-images-amazon.com/images/I/61dhUojznVL._AC_SX569_.jpg
A2PKTH4096R956,£11.95,"2 x Set of 50 Everyday Dustbin Liners Bin Bags, Refuse 75 Litre Size Sacks",Kingfisher,https://www.amazon.co.uk/Everyday-Dustbin-Liners-Refuse-Litre/dp/B01IXWKJWK/ref=sr_1_36?dchild=1&m=A2PKTH4096R956&qid=1586626270&s=merchant-items&sr=1-36,11/04/20 17:31,3.9 out of 5 stars,"8,276 in Grocery ",#166 Bin Liners,12  customer ratings,B01IXWKJWK,https://images-na.ssl-images-amazon.com/images/I/51R%2BJRmP0PL._AC_SY355_.jpg
A2PKTH4096R956,£64.90,garden mile® Stylish 4000W Steel Table Top Propane Butane Gas Patio Heater Free Standing Portable Garden Heater Burner With Variable Heat Control And Gas Regulator Hose.,garden mile,https://www.amazon.co.uk/garden-Standing-Portable-Variable-Regulator/dp/B07XKSJ5Z4/ref=sr_1_35?dchild=1&m=A2PKTH4096R956&qid=1586626270&s=merchant-items&sr=1-35,11/04/20 17:31,5.0 out of 5 stars,"6,055 in Garden & Outdoors ",#13 Patio Heaters,1 customer rating,B07XKSJ5Z4,https://images-na.ssl-images-amazon.com/images/I/61sZaffEHcL._AC_SX425_.jpg
A2PKTH4096R956,£14.10,5 x 20 packs (100 Pads) Training Pads For Puppies,Kingfisher,https://www.amazon.co.uk/packs-100-Pads-Training-Puppies/dp/B00IDA10KS/ref=sr_1_34?dchild=1&m=A2PKTH4096R956&qid=1586626270&s=merchant-items&sr=1-34,11/04/20 17:31,3.7 out of 5 stars,"5,717 in Pet Supplies ",#32 Dog Training Pads,73  customer ratings,B00IDA10KS,https://images-na.ssl-images-amazon.com/images/I/41L6HgoiQnL._AC_SY450_.jpg
A2PKTH4096R956,£17.88,Garden mile® 6 Pack New LED Bright Outdoor Lighting Solar Powered Step Stairs Light/ Safer and More Durable Stainless Steel Fence Deck Dock Path EcoLight Great For Garden Yard Patio [Energy Class A+++],garden mile,https://www.amazon.co.uk/Outdoor-Lighting-Powered-Stainless-EcoLight/dp/B01BLI9UW8/ref=sr_1_49?dchild=1&m=A2PKTH4096R956&qid=1586626290&s=merchant-items&sr=1-49,11/04/20 17:31,3.7 out of 5 stars,"3,797 in Lighting ",#54 Decking & Patio Lighting,109  customer ratings,B01BLI9UW8,https://images-na.ssl-images-amazon.com/images/I/71Uc3Q54yiL._AC_SX425_.jpg
A2PKTH4096R956,£17.90,Garden Mile® Large Artificial 40cm Boxwood Topiary Heart Door Wreath Home Decor Grave Memorial Door Wreath Hanging Garden Ornament,HomeZone,https://www.amazon.co.uk/Artificial-Boxwood-Topiary-Memorial-Ornament/dp/B07B9FGLNY/ref=sr_1_64?dchild=1&m=A2PKTH4096R956&qid=1586626290&s=merchant-items&sr=1-64,11/04/20 17:31,4.6 out of 5 stars,"21,410 in Home & Kitchen ",#20 Artificial Shrubs & Topiaries,26  customer ratings,B07B9FGLNY,https://images-na.ssl-images-amazon.com/images/I/51vBU9qOwFL._AC_.jpg
A2PKTH4096R956,£10.99,Garden Mile® Set Of 2 Flickering Dancing Solar Torch Light With LED Flame Effect Waterproof Garden Tiki Lamp Stakes For Outdoor Yard Pathway Driveway Porch Patio Landscape Lawn Security Lighting Decor,garden mile,https://www.amazon.co.uk/Flickering-Waterproof-Driveway-Landscape-Security/dp/B085CKXWF6/ref=sr_1_63?dchild=1&m=A2PKTH4096R956&qid=1586626290&s=merchant-items&sr=1-63,11/04/20 17:31,5.0 out of 5 stars,"1,431 in Lighting ",#49 Pathway Lighting,1 customer rating,B085CKXWF6,https://images-na.ssl-images-amazon.com/images/I/51BScl4IcOL._AC_SX342_.jpg
A2PKTH4096R956,£23.99,"garden mile® 4x HEAVY DUTY FENCE POST HOLDER 750MM X 75MM SPIKE SUPPORT RUST RESISTANT METAL STAKES 3"" (4)",garden mile,https://www.amazon.co.uk/Garden-HOLDER-SUPPORT-RESISTANT-STAKES/dp/B0713TKBWW/ref=sr_1_62?dchild=1&m=A2PKTH4096R956&qid=1586626290&s=merchant-items&sr=1-62,11/04/20 17:31,4.7 out of 5 stars,"5,669 in DIY & Tools ",#17 Posts,18  customer ratings,B0713TKBWW,https://images-na.ssl-images-amazon.com/images/I/41UqitPq3-L._AC_SY450_.jpg
A2PKTH4096R956,£9.99,garden mile® 50 x Suet Balls Bird Food Fat Balls for Birds Suet Balls Suet Fat Balls Premium Garden Wild Bird Food High in Energy & Protein-Rich Feed Fresh Fat Ball Birds Fat Balls Suet Cakes (50),garden mile,https://www.amazon.co.uk/garden-Premium-Garden-Energy-Protein-Rich/dp/B081JTM87C/ref=sr_1_61?dchild=1&m=A2PKTH4096R956&qid=1586626290&s=merchant-items&sr=1-61,11/04/20 17:31,3.0 out of 5 stars,"1,209 in Garden & Outdoors ",#11 Bird Suet,2  customer ratings,B081JTM87C,https://images-na.ssl-images-amazon.com/images/I/41%2BblK0ndkL._AC_SY355_.jpg
A2PKTH4096R956,£7.99,"GadgetZone® Magnetic Beginner's Dart Board Dartboard, Complete Set With 6 Darts Fun Christmas Party Game Toy Play set Adults Or Kids Children's Target Game. Ideal",GadgetZone,https://www.amazon.co.uk/Gadgetzone%C2%AE-Beginners-Dartboard-Christmas-Childrens/dp/B076H23PJB/ref=sr_1_60?dchild=1&m=A2PKTH4096R956&qid=1586626290&s=merchant-items&sr=1-60,11/04/20 17:31,3.8 out of 5 stars,"4,530 in Sports & Outdoors ",#27 Dartboards,35  customer ratings,,https://images-na.ssl-images-amazon.com/images/I/61T8XlMQprL._AC_.jpg
A2PKTH4096R956,£17.99,HomeZone® 3PC 91cm Minimal White Wooden Lipped Picture Ledge Shelf Floating Wall Shelves Hanging Plant Photo Storage Organiser Display Shelf Unit For Bedroom Office Living Room Home Wall Indoor Decor,HomeZone,https://www.amazon.co.uk/HomeZone%C2%AE-Minimal-Picture-Floating-Organiser/dp/B085S3R4TT/ref=sr_1_59?dchild=1&m=A2PKTH4096R956&qid=1586626290&s=merchant-items&sr=1-59,11/04/20 17:32,2.0 out of 5 stars,"17,139 in Home & Kitchen ",#54 Floating Shelves,1 customer rating,B085S3R4TT,https://images-na.ssl-images-amazon.com/images/I/51pko3aZG%2BL._AC_SX679_.jpg
A2PKTH4096R956,£23.99,garden mile® 4 Tier Mini Frame Greenhouse Garden Grow House Seedling Station For Veg Fruit Plant Growth Frost Protection Planting Station Tent Propagator For Back Garden Farms Gardening Outdoors,garden mile,https://www.amazon.co.uk/garden-Greenhouse-Protection-Propagator-Gardening/dp/B085Y7SDHC/ref=sr_1_58?dchild=1&m=A2PKTH4096R956&qid=1586626290&s=merchant-items&sr=1-58,11/04/20 17:32,,"3,755 in Garden & Outdoors ",#17 Plant Covers #3 Greenhouse Tents,Be the first to write a review,B085Y7SDHC,https://images-na.ssl-images-amazon.com/images/I/41kdH0lKH8L._AC_SY355_.jpg
A2PKTH4096R956,£17.99,"garden mile® 15M, 30M, 50M Reinforced Garden Hose Pipe Water Hose Strong Reliable Flexible for Home, Garden, Patio & Car Cleaning Outdoor (50M)",garden mile,https://www.amazon.co.uk/garden-Reinforced-Reliable-Flexible-Cleaning/dp/B084BR16QH/ref=sr_1_54?dchild=1&m=A2PKTH4096R956&qid=1586626290&s=merchant-items&sr=1-54,11/04/20 17:32,,"6,859 in Garden & Outdoors ",#125 Garden Hoses,Be the first to write a review,B084BR16QH,https://images-na.ssl-images-amazon.com/images/I/61NYsqrym%2BL._AC_SY450_.jpg
A2PKTH4096R956,£24.99,garden mile® Large Al Fresco Area Rugs Indoor Outdoor Patterned Rug Patio Terrace Balcony Hall Kitchen Carpet Rugged and Water Resistant 100% Polypropylene (Shiraz),garden mile,https://www.amazon.co.uk/garden-Outdoor-Patterned-Resistant-Polypropylene/dp/B0842WQZRY/ref=sr_1_53?dchild=1&m=A2PKTH4096R956&qid=1586626290&s=merchant-items&sr=1-53,11/04/20 17:32,,"3,867 in Home & Kitchen ",#17 Area Rugs,Be the first to write a review,B0842WQZRY,https://images-na.ssl-images-amazon.com/images/I/614Jp-ddEJL._AC_.jpg
A2PKTH4096R956,£14.99,Homezone 3pc Robin Redbreast Metal Bird Set Highly Detailed Rustic Garden Ornaments Fun Christmas Decoration Indoor Or Outdoor Use,Unknown,https://www.amazon.co.uk/Homezone-Redbreast-Ornaments-Christmas-Decoration/dp/B07FNV6KX6/ref=sr_1_52?dchild=1&m=A2PKTH4096R956&qid=1586626290&s=merchant-items&sr=1-52,11/04/20 17:32,4.8 out of 5 stars,"7,007 in Garden & Outdoors ",#29 Outdoor Statues,105  customer ratings,B07FNV6KX6,https://images-na.ssl-images-amazon.com/images/I/914vDEs2rNL._AC_SX679_.jpg
A2PKTH4096R956,£11.90,Green Blade BB-CW112 5 x 0.6m PVC Coated Galvanized Wire Netting with 25mm Mesh,Green Blade,https://www.amazon.co.uk/Green-Blade-BB-CW112-Galvanized-Netting/dp/B008DFIAGK/ref=sr_1_65?dchild=1&m=A2PKTH4096R956&qid=1586626311&s=merchant-items&sr=1-65,11/04/20 17:32,4.6 out of 5 stars,"7,963 in Garden & Outdoors ",#52 Garden Netting #71 Decking & Fencing (DIY & Tools),90  customer ratings,B008DFIAGK,https://images-na.ssl-images-amazon.com/images/I/71O3KjCVouL._AC_SY741_.jpg
A2PKTH4096R956,£6.88,Gadgetzone® 6PC Resistance Elastic Bands Loops For Fitness Training With Different Strength Levels Portable Home Gym Yoga Pilates Cross Keep Fit Sport Physio Therapy Stretching Muscle Body Workout,garden mile,https://www.amazon.co.uk/Gadgetzone%C2%AE-Resistance-Training-Different-Stretching/dp/B0863VMBY7/ref=sr_1_80?dchild=1&m=A2PKTH4096R956&qid=1586626311&s=merchant-items&sr=1-80,11/04/20 17:32,2.0 out of 5 stars,"4,273 in Sports & Outdoors ",#237 Strength Training Equipment,1 customer rating,,https://images-na.ssl-images-amazon.com/images/I/41ihYqZzryL._AC_.jpg
A2PKTH4096R956,£44.99,garden mile® Rocking Sun lounger and Cushion Pillow Decking Chair with Head Rest | Poolside Lounging Chair Garden Tanning Bed | Folding Steel Frame with Black Sling | Moon Orb Chair,garden mile,https://www.amazon.co.uk/garden-Rocking-lounger-Poolside-Lounging/dp/B07RZQR58N/ref=sr_1_79?dchild=1&m=A2PKTH4096R956&qid=1586626311&s=merchant-items&sr=1-79,11/04/20 17:32,4.6 out of 5 stars,"2,108 in Garden & Outdoors ",#25 Sunloungers #13 Garden Chairs,6  customer ratings,B07RZQR58N,https://images-na.ssl-images-amazon.com/images/I/51%2B24l6YjIL._AC_SY355_.jpg
A2PKTH4096R956,£14.99,"garden mile® Vintage Style Decorative Cast Iron Love Heart Hanging Bird Feeder Bird Bath, Bronze feeding station bird table seed feeder Hanging Garden Ornament",garden mile,https://www.amazon.co.uk/garden-Vintage-Decorative-Hanging-Ornament/dp/B01HZJ17PU/ref=sr_1_78?dchild=1&m=A2PKTH4096R956&qid=1586626311&s=merchant-items&sr=1-78,11/04/20 17:32,4.6 out of 5 stars,"6,000 in Garden & Outdoors ",#87 Bird Feeders (Garden & Outdoors),173  customer ratings,B01HZJ17PU,https://images-na.ssl-images-amazon.com/images/I/71Q2G8b8sZL._AC_SX466_.jpg
A2PKTH4096R956,£9.49,Homezone® Large Solar Copper Hanging Firefly Lantern with LED Lights Patio Storm Vase Table Lantern Or Window Centre Piece Indoor Outdoor,HomeZone,https://www.amazon.co.uk/Homezone%C2%AE-Hanging-Firefly-Lantern-Outdoor/dp/B07B7NK2YS/ref=sr_1_77?dchild=1&m=A2PKTH4096R956&qid=1586626311&s=merchant-items&sr=1-77,11/04/20 17:32,3.7 out of 5 stars,"1,047 in Lighting ",#22 Lanterns,17  customer ratings,B07B7NK2YS,https://images-na.ssl-images-amazon.com/images/I/61gwpw2cXSL._AC_SX466_.jpg
A2PKTH4096R956,£13.90,"HomeZone 3Pc Shabby Chic Round Sunburst Wall Mirrors In Distressed Gold, Decorative Wall Mountable Shabby Chic Home Decor (Gold)",HomeZone,https://www.amazon.co.uk/HomeZone-Sunburst-Distressed-Decorative-Mountable/dp/B07GR2SG8P/ref=sr_1_76?dchild=1&m=A2PKTH4096R956&qid=1586626311&s=merchant-items&sr=1-76,11/04/20 17:32,4.2 out of 5 stars,"7,587 in Home & Kitchen ",#18 Wall-Mounted Mirrors,266  customer ratings,B07GR2SG8P,https://images-na.ssl-images-amazon.com/images/I/51M-v30slCL._AC_SX466_.jpg
A2PKTH4096R956,£9.99,garden mile® Solar Powered Mosaic Glass Colour changing LED Lantern Table Lamp Table Light Solar Lights LED Lanterns Party Lights Night Lights Indoor Outdoor Garden Lighting Christmas Table Lamp,garden mile,https://www.amazon.co.uk/garden-changing-Lanterns-Lighting-Christmas/dp/B084CSGQ1S/ref=sr_1_75?dchild=1&m=A2PKTH4096R956&qid=1586626311&s=merchant-items&sr=1-75,11/04/20 17:32,5.0 out of 5 stars,581 in Lighting ,#2 Outdoor Tabletop Lighting,1 customer rating,B084CSGQ1S,https://images-na.ssl-images-amazon.com/images/I/71%2BhepDon2L._AC_SX569_.jpg
A2PKTH4096R956,£21.90,Garden Mile® Large Vintage Modern Retro Style Garden Indoor/Outdoor Wall Clock Decorative Fence Ornament Mountable Weatherproof Weather Station Thermometer Home/Garden,HomeZone,https://www.amazon.co.uk/Decorative-Thermometer-Barometer-Mountable-Weatherproof/dp/B07B3V4SWB/ref=sr_1_74?dchild=1&m=A2PKTH4096R956&qid=1586626311&s=merchant-items&sr=1-74,11/04/20 17:32,4.7 out of 5 stars,"4,989 in Garden & Outdoors ",#3 Outdoor Clocks,63  customer ratings,B07B3V4SWB,https://images-na.ssl-images-amazon.com/images/I/61GaY8HDIHL._AC_SY450_.jpg
A2PKTH4096R956,£16.99,HomeZone 50M Hose Reel Pipe Large 3 Layer Frost Resistant Reinforced Wall Garden Hose Pipe Water Hose Pipe Tough Path Gardening,HomeZone,https://www.amazon.co.uk/HomeZone-Resistant-Reinforced-Garden-Gardening/dp/B07M7F2RSK/ref=sr_1_73?dchild=1&m=A2PKTH4096R956&qid=1586626311&s=merchant-items&sr=1-73,11/04/20 17:32,3.7 out of 5 stars,"1,489 in Garden & Outdoors ",#45 Garden Hoses,22  customer ratings,B07M7F2RSK,https://images-na.ssl-images-amazon.com/images/I/71MGZdPHNQL._AC_SX425_.jpg
A2PKTH4096R956,£12.90,Carbon Steel Lawn Edging Tool for Garden and Lawn Versatile and Lightweight Gardener Hand Tools (91cm) made from Heat treated and oil cooled CARBON STEEL Strong Tough and Durable,HomeZone,https://www.amazon.co.uk/Versatile-Lightweight-Gardener-treated-Durable/dp/B07NQN8T6X/ref=sr_1_72?dchild=1&m=A2PKTH4096R956&qid=1586626311&s=merchant-items&sr=1-72,11/04/20 17:32,3.8 out of 5 stars,162 in Garden & Outdoors ,#1 Gardening Shovels & Spades,22  customer ratings,B07NQN8T6X,https://images-na.ssl-images-amazon.com/images/I/21IJ5-IaxFL._AC_SX355_.jpg
A2PKTH4096R956,£12.90,Green Blade BB-LE100 Carbon Steel Lawn Edger,Green Blade,https://www.amazon.co.uk/Green-Blade-BB-LE100-Carbon-Steel/dp/B000QF93VG/ref=sr_1_70?dchild=1&m=A2PKTH4096R956&qid=1586626311&s=merchant-items&sr=1-70,11/04/20 17:32,3.3 out of 5 stars,"3,065 in Garden & Outdoors ",#13 Trowels #6 Hand Edgers,17  customer ratings,B000QF93VG,https://images-na.ssl-images-amazon.com/images/I/71sQL2oarjL._AC_SX355_.jpg
A2PKTH4096R956,£6.99,Smart Garden Flamboya Decor Bee Outdoor Garden Wall Art,Smart Garden,https://www.amazon.co.uk/Smart-Garden-Flamboya-Large-Outdoor/dp/B07B8H5JRJ/ref=sr_1_68?dchild=1&m=A2PKTH4096R956&qid=1586626311&s=merchant-items&sr=1-68,11/04/20 17:32,4.5 out of 5 stars,"3,564 in Garden & Outdoors ",#191 Garden Décor,30  customer ratings,B07B8H5JRJ,https://images-na.ssl-images-amazon.com/images/I/71J6q9NljzL._AC_SY450_.jpg
A2PKTH4096R956,£16.90,garden mile® Rustic Ornamental Wooden Wheelbarrow Planter Garden Outdoor Patio Plant Holder Trough Flower Pot Cart Ornament,garden mile,https://www.amazon.co.uk/HomeZone-Wheelbarrow-Ornamental-Planter-Ornament/dp/B07DC78FMQ/ref=sr_1_67?dchild=1&m=A2PKTH4096R956&qid=1586626311&s=merchant-items&sr=1-67,11/04/20 17:32,3.8 out of 5 stars,"5,664 in Garden & Outdoors ",#144 Flower Pots,22  customer ratings,B07DC78FMQ,https://images-na.ssl-images-amazon.com/images/I/414YqbBncuL._AC_SX425_.jpg
A2PKTH4096R956,£10.99,London Ornaments Set of 2 Robins (Set of 2 Robins A),London Ornaments,https://www.amazon.co.uk/Robin-Ornaments-suitable-outside-Weatherproof/dp/B00I96GUAQ/ref=sr_1_66?dchild=1&m=A2PKTH4096R956&qid=1586626311&s=merchant-items&sr=1-66,11/04/20 17:32,4.7 out of 5 stars,"7,396 in Garden & Outdoors ",#35 Outdoor Statues #324 Decorative Home Accessories #5 Wind Sculptures & Spinners,451  customer ratings,B00I96GUAQ,https://images-na.ssl-images-amazon.com/images/I/81F9R48aHhL._AC_SX450_.jpg
