A4XCMOKC2X26F,£14.99,Tigerbox 3 Kilogram Nature's Own Timothy Rich 5 a Day Hay Foraging Feed for Rabbits Guinea Pigs Chinchillas,Nature's Own & Tigerbox,https://www.amazon.co.uk/Tigerbox-Kilogram-Natures-Own-Chinchillas/dp/B07XTNTFKZ/ref=sr_1_1?dchild=1&m=A4XCMOKC2X26F&qid=1586625809&s=merchant-items&sr=1-1,11/04/20 17:23,4.4 out of 5 stars,"7,622 in Pet Supplies ",#24 Small Pet's Hay & Grass,235  customer ratings,B07XTNTFKZ,https://images-na.ssl-images-amazon.com/images/I/81NHlme0XfL._AC_SX425_.jpg
A4XCMOKC2X26F,£14.49,Stockshop (2 Pack) 1 Metre Long Soft Nylon Lambing Ropes with Single Loop & Tigerbox® Antibacterial Pen.,Tigerbox,https://www.amazon.co.uk/Stockshop-Lambing-Single-Tigerbox%C2%AE-Antibacterial/dp/B0758GPV2H/ref=sr_1_16?dchild=1&m=A4XCMOKC2X26F&qid=1586625809&s=merchant-items&sr=1-16,11/04/20 17:23,"15,099 in Business, Industry & Science ",#162 Livestock Equipment & Supplies,Be the first to write a review,B0758GPV2H,https://images-na.ssl-images-amazon.com/images/I/61uXKwDx26L._AC_SY450_.jpg,
A4XCMOKC2X26F,£7.99,Tigerbox 2 Packs of Nature's Own Sweet Green Hay Cookies with Dandelion and Peppermint,Nature's Own & Tigerbox,https://www.amazon.co.uk/Natures-Own-Peppermint-Tigerbox-Antibacterial/dp/B0797YCJPH/ref=sr_1_15?dchild=1&m=A4XCMOKC2X26F&qid=1586625809&s=merchant-items&sr=1-15,11/04/20 17:23,4.0 out of 5 stars,"49,107 in Pet Supplies ",#441 Small Animal Food,9  customer ratings,B0797YCJPH,https://images-na.ssl-images-amazon.com/images/I/71xEqiduW0L._AC_SX569_.jpg
A4XCMOKC2X26F,£10.99,"Fireside Premium Quality Black Steel 18"" Long Poker/Log Roller Fireplace Accessory. Includes Tigerbox Safety Matches.",Tigerbox®,https://www.amazon.co.uk/Fireside-Fireplace-Accessory-Tigerbox-Matches/dp/B0773SRCX7/ref=sr_1_14?dchild=1&m=A4XCMOKC2X26F&qid=1586625809&s=merchant-items&sr=1-14,11/04/20 17:23,3.9 out of 5 stars,"115,341 in DIY & Tools ",#172 Fireplace Tool Sets,36  customer ratings,B0773SRCX7,https://images-na.ssl-images-amazon.com/images/I/61J858ZqRXL._AC_SX466_.jpg
A4XCMOKC2X26F,£14.49,Tigerbox 3.5KG Nature's Own Sweet Green Hay Pet Food Dust Extracted Animal Feed,Nature's Own & Tigerbox,https://www.amazon.co.uk/Tigerbox-Natures-Own-Extracted-Animal/dp/B01M7YXVXV/ref=sr_1_13?dchild=1&m=A4XCMOKC2X26F&qid=1586625809&s=merchant-items&sr=1-13,11/04/20 17:23,4.0 out of 5 stars,"43,247 in Pet Supplies ",#263 Bedding & Substrate for Small Animals,74  customer ratings,B01M7YXVXV,https://images-na.ssl-images-amazon.com/images/I/71K%2B%2BtWEtXL._AC_SX522_.jpg
A4XCMOKC2X26F,£7.49,Slimline Elegant Long Reach Silver-Match Lighter For Candles Tealights Open Fires Log Stoves BBQ Gas Hob Oven Cookers Camping & Tigerbox Matches,Tigerbox,https://www.amazon.co.uk/Slimline-Elegant-Silver-Match-Tealights-Tigerbox/dp/B06XDDRXQ5/ref=sr_1_12?dchild=1&m=A4XCMOKC2X26F&qid=1586625809&s=merchant-items&sr=1-12,11/04/20 17:23,2.9 out of 5 stars,"60,142 in Grocery ",#146 Firelighters & Matches,62  customer ratings,B06XDDRXQ5,https://images-na.ssl-images-amazon.com/images/I/41kDdJWCmeL._AC_SX425_.jpg
A4XCMOKC2X26F,£16.99,tigerbox Nature's Own Golden Barley Dust Extracted Straw Bedding Feed Animal Food - 7kg,tigerbox,https://www.amazon.co.uk/tigerbox-Natures-Golden-Extracted-Bedding/dp/B07V9GS2N6/ref=sr_1_11?dchild=1&m=A4XCMOKC2X26F&qid=1586625809&s=merchant-items&sr=1-11,11/04/20 17:23,5.0 out of 5 stars,"49,888 in Pet Supplies ",#296 Bedding & Substrate for Small Animals,3  customer ratings,B07V9GS2N6,https://images-na.ssl-images-amazon.com/images/I/81uK3MEEVSL._AC_SX569_.jpg
A4XCMOKC2X26F,£27.99,Tigerbox 12KG of Premium Grade Large Lumpwood Restaurant Grade Cooking Charcoal (BLUE BAG) Safety Matches,Tigerbox,https://www.amazon.co.uk/Tigerbox%C2%AE-Premium-Lumpwood-Restaurant-Charcoal/dp/B073V2X36W/ref=sr_1_10?dchild=1&m=A4XCMOKC2X26F&qid=1586625809&s=merchant-items&sr=1-10,11/04/20 17:23,"25,429 in Garden & Outdoors ",#1740 Outdoor Cooking (Garden & Outdoors),Be the first to write a review,B073V2X36W,https://images-na.ssl-images-amazon.com/images/I/71Dhrhw85DL._AC_SY450_.jpg,
A4XCMOKC2X26F,£19.49,Tigerbox Extra Large Cat Kitten Open Plastic Litter Tray Box Pan Toilet Loo. Includes Antibacterial Pen!,Tigerbox,https://www.amazon.co.uk/Kitten-Plastic-Litter-Tigerbox%C2%AE-Antibacterial/dp/B074FZC8GL/ref=sr_1_9?dchild=1&m=A4XCMOKC2X26F&qid=1586625809&s=merchant-items&sr=1-9,11/04/20 17:23,4.5 out of 5 stars,"40,383 in Pet Supplies ",#244 Cat Litter Boxes,46  customer ratings,B074FZC8GL,https://images-na.ssl-images-amazon.com/images/I/61Gb1wlKeDL._AC_SX466_.jpg
A4XCMOKC2X26F,£8.49,Tigerbox 2KG Nature's Own Devon Meadow Hay Pet Food Animal Feed,Nature's Own & Tigerbox,https://www.amazon.co.uk/Tigerbox-Natures-Own-Meadow-Animal/dp/B01M7YXJDJ/ref=sr_1_5?dchild=1&m=A4XCMOKC2X26F&qid=1586625809&s=merchant-items&sr=1-5,11/04/20 17:23,4.3 out of 5 stars,"9,126 in Pet Supplies ",#29 Small Pet's Hay & Grass,70  customer ratings,B01M7YXJDJ,https://images-na.ssl-images-amazon.com/images/I/71NcUMSLmsL._AC_SX425_.jpg
A4XCMOKC2X26F,£15.99,14 X Packs of 24 Bryant & May Long Burning Easy to Use Firelighters & Tigerbox Safety Matches,Bryant&May / Tigerbox,https://www.amazon.co.uk/Bryant-May-Burning-Firelighters-Tigerbox/dp/B07XJ6M3DD/ref=sr_1_4?dchild=1&m=A4XCMOKC2X26F&qid=1586625809&s=merchant-items&sr=1-4,11/04/20 17:23,4.3 out of 5 stars,"16,411 in DIY & Tools ",#46 Firewood,15  customer ratings,B07XJ6M3DD,https://images-na.ssl-images-amazon.com/images/I/81UfFdzKWCL._AC_SX679_.jpg
A4XCMOKC2X26F,£19.99,"Tigerbox® Wooden Kindling. Ideal for Fire Starting, Open Fires, Stoves, Wood Burners, BBQ & Ovens - 12KG Safety Matches",Tigerbox,https://www.amazon.co.uk/Tigerbox%C2%AE-Quality-Kindling-Starting-Burners/dp/B01M1YCLHQ/ref=sr_1_2?dchild=1&m=A4XCMOKC2X26F&qid=1586625809&s=merchant-items&sr=1-2,11/04/20 17:24,4.1 out of 5 stars,"15,420 in DIY & Tools ",#43 Firewood,12  customer ratings,B01M1YCLHQ,https://images-na.ssl-images-amazon.com/images/I/81syqnZ67vL._AC_SX425_.jpg
A4XCMOKC2X26F,£107.99,"Gardeco OPERA87 Medium Cast Iron Chimenea with Mesh Central Panels, Ideal for Outdoor Patio Heating. Includes Tigerbox Matches.",Gardeco & Tigerbox,https://www.amazon.co.uk/Gardeco-Chimenea-Heating-Tigerbox-Matches/dp/B073PZQJG1/ref=sr_1_17?dchild=1&m=A4XCMOKC2X26F&qid=1586625813&s=merchant-items&sr=1-17,11/04/20 17:24,"64,618 in Garden & Outdoors ",#179 Patio Heaters #101 Chimineas,Be the first to write a review,B073PZQJG1,https://images-na.ssl-images-amazon.com/images/I/81ErvsnUvIL._AC_SY355_.jpg,
A4XCMOKC2X26F,£20.99,20kg Peat Heat Fire Fuel Coal Alternative & Tigerbox Safety Matches For Open Fires and Multi Fuel Log Burners,Tigerbox,https://www.amazon.co.uk/Tigerbox-Alternative-Fires-Multi-Burners/dp/B018ILL5L0/ref=sr_1_32?dchild=1&m=A4XCMOKC2X26F&qid=1586625813&s=merchant-items&sr=1-32,11/04/20 17:24,4.0 out of 5 stars,"147,719 in DIY & Tools ",#37 Coal,12  customer ratings,B018ILL5L0,https://images-na.ssl-images-amazon.com/images/I/81vRoO8hh5L._AC_SY606_.jpg
A4XCMOKC2X26F,£22.49,Tigerbox Premium Quality Galvanized Steel Garden Leaf Grabber Picker with Easy Grip Handles. Includes Antibacterial Pen.,Tigerbox,https://www.amazon.co.uk/Tigerbox-Premium-Galvanized-Handles-Antibacterial/dp/B079J4G8JX/ref=sr_1_31?dchild=1&m=A4XCMOKC2X26F&qid=1586625813&s=merchant-items&sr=1-31,11/04/20 17:24,2.8 out of 5 stars,"84,827 in Garden & Outdoors ",#279 Rakes,11  customer ratings,B079J4G8JX,https://images-na.ssl-images-amazon.com/images/I/61K7TLZi1IL._AC_SX466_.jpg
A4XCMOKC2X26F,£25.99,20kg of Supertherm Extra Hot Smokeless Coal Fire Fuel for Open Fires and Multi Fuel Log Burners & Tigerbox Safety Matches.,Tigerbox,https://www.amazon.co.uk/Supertherm-Smokeless-Burners-Tigerbox-Matches/dp/B01MQGTTED/ref=sr_1_29?dchild=1&m=A4XCMOKC2X26F&qid=1586625813&s=merchant-items&sr=1-29,11/04/20 17:24,3.6 out of 5 stars,"128,094 in DIY & Tools ",#33 Coal,20  customer ratings,B01MQGTTED,https://images-na.ssl-images-amazon.com/images/I/81ufYD-rrWL._AC_SX569_.jpg
A4XCMOKC2X26F,£20.99,"Fireside Premium Quality 10"" Tall Black Coal Bucket Fuel Scuttle Storage Bucket Fireplace Accessory. Includes Tigerbox Safety Matches.",Tigerbox®,https://www.amazon.co.uk/Fireside-Fireplace-Accessory-Tigerbox-Matches/dp/B0774YNZBP/ref=sr_1_25?dchild=1&m=A4XCMOKC2X26F&qid=1586625813&s=merchant-items&sr=1-25,11/04/20 17:24,4.6 out of 5 stars,"136,539 in DIY & Tools ",#209 Fireplace Tool Sets,10  customer ratings,B0774YNZBP,https://images-na.ssl-images-amazon.com/images/I/61YttVAqpOL._AC_SX466_.jpg
A4XCMOKC2X26F,£28.99,WOLSELEY essentials Navy with Light Blue Binding Gallop Summer Sheet Idea for Shows and Travelling AND Tigerbox® Antibacterial Pen!,WOLSELEY essentials,https://www.amazon.co.uk/Binding-Gallop-Travelling-Tigerbox%C2%AE-Antibacterial/dp/B06XDDVR66/ref=sr_1_24?dchild=1&m=A4XCMOKC2X26F&qid=1586625813&s=merchant-items&sr=1-24,11/04/20 17:24,3.4 out of 5 stars,"62,647 in Pet Supplies ",#403 Horse Fly Masks,2  customer ratings,https://images-na.ssl-images-amazon.com/images/I/91WeupIUusL._AC_SY450_.jpg,
A4XCMOKC2X26F,£14.49,"Wolseley & TigerBox Hentastic Chick Sticks Hanging Feeder & 6 Pack Chick Sticks Oregano, Mint, Turmeric and Garlic Flavour Healthy Tasty Poultry Treats",Wolseley & TigerBox,https://www.amazon.co.uk/Hentastic-HANGING-Cinnamon-Tigerbox%C2%AE-Antibacterial/dp/B06XXJX6RT/ref=sr_1_23?dchild=1&m=A4XCMOKC2X26F&qid=1586625813&s=merchant-items&sr=1-23,11/04/20 17:24,4.2 out of 5 stars,"16,814 in Business, Industry & Science ","#116 Poultry, Pigeon & Game Bird Feeding Equipment",3  customer ratings,B06XXJX6RT,https://images-na.ssl-images-amazon.com/images/I/71sMQcYJ21L._AC_SX425_.jpg
A4XCMOKC2X26F,£11.99,tigerbox x60 EcoBag Drawstring Swing Bin Bags Liners Vanilla Scented 50 Litre,tigerbox,https://www.amazon.co.uk/EcoBag-Drawstring-Vanilla-Tigerbox-Antibacterial/dp/B07KTBLSS3/ref=sr_1_21?dchild=1&m=A4XCMOKC2X26F&qid=1586625813&s=merchant-items&sr=1-21,11/04/20 17:24,"87,288 in Grocery ",#1028 Bin Liners,Be the first to write a review,B07KTBLSS3,https://images-na.ssl-images-amazon.com/images/I/611v03K7z0L._AC_SX466_.jpg,
A4XCMOKC2X26F,£18.49,"1 x Pack of 150 Wood Wool Beeswax Natural Firelighters and Tigerbox Safety Matches for Open Fires, Log Burning Stoves and BBQ's",Tigerbox,https://www.amazon.co.uk/Beeswax-Natural-Firelighters-Tigerbox-Matches/dp/B01N1F8ON6/ref=sr_1_20?dchild=1&m=A4XCMOKC2X26F&qid=1586625813&s=merchant-items&sr=1-20,11/04/20 17:24,4.3 out of 5 stars,"121,121 in DIY & Tools ",#182 Firewood,23  customer ratings,B01N1F8ON6,https://images-na.ssl-images-amazon.com/images/I/81RxvPYlLnL._AC_SY450_.jpg
A4XCMOKC2X26F,£22.99,Tigerbox Fireside Premium Retro Galvanised 15L Tidy-Tub Household Waste Paper Bin Mini Dustbin. Includes Antibacterial Pen.,Tigerbox,https://www.amazon.co.uk/Tigerbox-Fireside-Galvanised-Household-Antibacterial/dp/B0774QJ1LT/ref=sr_1_19?dchild=1&m=A4XCMOKC2X26F&qid=1586625813&s=merchant-items&sr=1-19,11/04/20 17:24,5.0 out of 5 stars,"43,315 in DIY & Tools ",#736 Waste & Recycling #9 Ash Boxes,1 customer rating,B0774QJ1LT,https://images-na.ssl-images-amazon.com/images/I/710WnF0gcEL._AC_SX569_.jpg
A4XCMOKC2X26F,£7.49,WOLSELEY essentials 2 Metre Strong Twisted Cotton Horse/Pony Lead Rope With Trigger Hook AND Tigerbox® Antibacterial Pen!,WOLSELEY essentials,https://www.amazon.co.uk/WOLSELEY-essentials-Twisted-Tigerbox%C2%AE-Antibacterial/dp/B06XD3GV6Z/ref=sr_1_18?dchild=1&m=A4XCMOKC2X26F&qid=1586625813&s=merchant-items&sr=1-18,11/04/20 17:24,4.7 out of 5 stars,"51,361 in Pet Supplies ",#34 Equestrian Lead Ropes,7  customer ratings,https://images-na.ssl-images-amazon.com/images/I/81BbIExP%2BLL._AC_SX425_.jpg,
A4XCMOKC2X26F,£5.49,tigerbox 200 x EcoBag Large Fragranced Dog Poo Bags,tigerbox,https://www.amazon.co.uk/EcoBag-Large-Fragranced-Tigerbox-Antibacterial/dp/B07KTBF7MJ/ref=sr_1_33?dchild=1&m=A4XCMOKC2X26F&qid=1586625845&s=merchant-items&sr=1-33,11/04/20 17:24,4.0 out of 5 stars,"66,813 in Pet Supplies ",#445 Dog Waste Bags,1 customer rating,B07KTBF7MJ,https://images-na.ssl-images-amazon.com/images/I/61HICCPXsPL._AC_SX569_.jpg
A4XCMOKC2X26F,£66.99,"Gardeco BRAZIER1 Traditional Garden Fire Brazier Vulcan Basket Pit, Ideal for Outdoor Patio Heating and Cooking. Includes BBQ Grill, Ash Collection Plate & Tigerbox Matches.",Gardeco & Tigerbox,https://www.amazon.co.uk/Gardeco-BRAZIER1-Traditional-Collection-Tigerbox/dp/B07339BG1W/ref=sr_1_43?dchild=1&m=A4XCMOKC2X26F&qid=1586625845&s=merchant-items&sr=1-43,11/04/20 17:24,"32,728 in Garden & Outdoors ",#176 Outdoor Fire Pits,Be the first to write a review,B07339BG1W,https://images-na.ssl-images-amazon.com/images/I/61tRmhe3uYL._AC_SY355_.jpg,
A4XCMOKC2X26F,£21.99,Large Shallow Green Flexible Strong Red Gorilla® Storage Bucket Baskets (ALL COLOURS AND SIZES) & Tigerbox® Antibacterial Pen,Red Gorilla & Tigerbox,https://www.amazon.co.uk/Flexible-Red-Gorilla%C2%AE-Tigerbox%C2%AE-Antibacterial/dp/B07H9ZBP1K/ref=sr_1_41?dchild=1&m=A4XCMOKC2X26F&qid=1586625845&s=merchant-items&sr=1-41,11/04/20 17:24,5.0 out of 5 stars,"30,740 in Garden & Outdoors ",#36 Outdoor Storage Containers,7  customer ratings,B07H9ZBP1K,https://images-na.ssl-images-amazon.com/images/I/71BAMNuOtDL._AC_SY355_.jpg
A4XCMOKC2X26F,£12.99,Refillable Windproof Jet Blue Flame Angled Blowtorch Turbo PROF Lighter & Tigerbox Matches,Tigerbox,https://www.amazon.co.uk/Refillable-Windproof-Blowtorch-Lighter-Tigerbox/dp/B06XCLSLJP/ref=sr_1_40?dchild=1&m=A4XCMOKC2X26F&qid=1586625845&s=merchant-items&sr=1-40,11/04/20 17:24,4.2 out of 5 stars,"72,017 in Grocery ",#173 Firelighters & Matches,167  customer ratings,B06XCLSLJP,https://images-na.ssl-images-amazon.com/images/I/71sDA2dXeeL._AC_SY450_.jpg
A4XCMOKC2X26F,£8.99,Stockshop Plastic Prolapse Holder/Spoon with Ties for Sheep & Goats - 4 Pack & Tigerbox® Antibacterial Pen.,Tigerbox,https://www.amazon.co.uk/Stockshop-Plastic-Prolapse-Holder-Spoon/dp/B079RKSRWD/ref=sr_1_39?dchild=1&m=A4XCMOKC2X26F&qid=1586625845&s=merchant-items&sr=1-39,11/04/20 17:24,"18,960 in Business, Industry & Science ",#58 Sheep & Goat Farming Equipment,Be the first to write a review,B079RKSRWD,https://images-na.ssl-images-amazon.com/images/I/710f3j5KyKL._AC_SX679_.jpg,
A4XCMOKC2X26F,£25.99,Tigerbox 2 x Easy To Light Long Lasting Kiln Dried Swedish Candles Wooden Fire Block Torch Log & Safety Matches,Tigerbox,https://www.amazon.co.uk/Lasting-Swedish-Candles-Tigerbox-Matches/dp/B01M1SHOOJ/ref=sr_1_38?dchild=1&m=A4XCMOKC2X26F&qid=1586625845&s=merchant-items&sr=1-38,11/04/20 17:25,4.8 out of 5 stars,"42,879 in DIY & Tools ",#87 Firewood,5  customer ratings,B01M1SHOOJ,https://images-na.ssl-images-amazon.com/images/I/81-jOfUFTYL._AC_SX679_.jpg
A4XCMOKC2X26F,£8.99,Tigerbox Nature's Own Herb Mix Foraging Feed with Parsley Marigold Clover Nettle Plantain Dandelion and Cornflower for Rabbits Guinea Pigs Chinchillas Small Pets,Nature's Own & Tigerbox,https://www.amazon.co.uk/Natures-Own-Herb-Foraging-Feed/dp/B0754LXB2J/ref=sr_1_37?dchild=1&m=A4XCMOKC2X26F&qid=1586625845&s=merchant-items&sr=1-37,11/04/20 17:25,5.0 out of 5 stars,"64,598 in Pet Supplies ",#89 Small Pet's Hay & Grass,3  customer ratings,B0754LXB2J,https://images-na.ssl-images-amazon.com/images/I/71XnZN1SelL._AC_SX466_.jpg
A4XCMOKC2X26F,£15.99,"3 X Zip Firelog. Instant Smokeless Fuel - DEFRA Approved! Fast Lighting Clean Burning, Easy, Cosy Fire for up to 90 Minutes & Tigerbox Safety Matches",Zip & Tigerbox,https://www.amazon.co.uk/Zip-Firelog-Instant-Smokeless-Fuel/dp/B07KKLJR1W/ref=sr_1_35?dchild=1&m=A4XCMOKC2X26F&qid=1586625845&s=merchant-items&sr=1-35,11/04/20 17:25,3.1 out of 5 stars,"159,771 in DIY & Tools ",#226 Firewood,4  customer ratings,B07KKLJR1W,https://images-na.ssl-images-amazon.com/images/I/81j2hmuxAZL._AC_SX466_.jpg
A4XCMOKC2X26F,£20.99,Tigerbox Ready To Burn 20KG Seasoned Hardwood Ash Logs For Open Fires Stoves Log Burners,Tigerbox,https://www.amazon.co.uk/Tigerbox%C2%AE-Seasoned-Hardwood-Sustainable-Firewood/dp/B019E9QGX2/ref=sr_1_34?dchild=1&m=A4XCMOKC2X26F&qid=1586625845&s=merchant-items&sr=1-34,11/04/20 17:25,"158,151 in DIY & Tools ",#224 Firewood,Be the first to write a review,B019E9QGX2,https://images-na.ssl-images-amazon.com/images/I/519fffqu%2BkL._AC_.jpg,
A4XCMOKC2X26F,£16.99,tigerbox 5 Litre Hen Party Poultry Drinker Citrus Green,Tigerbox,https://www.amazon.co.uk/tigerbox-Litre-Poultry-Drinker-Citrus/dp/B06XSBLXL2/ref=sr_1_57?dchild=1&m=A4XCMOKC2X26F&qid=1586625877&s=merchant-items&sr=1-57,11/04/20 17:25,3.5 out of 5 stars,"26,766 in Business, Industry & Science ","#168 Poultry, Pigeon & Game Bird Feeding Equipment",7  customer ratings,B06XSBLXL2,https://images-na.ssl-images-amazon.com/images/I/61int6KBq0L._AC_SX425_.jpg
A4XCMOKC2X26F,£6.99,Tigerbox Nature's Own Sweet Green Hay Hard Cookies Pet Food Animal Feed,Nature's Own & Tigerbox,https://www.amazon.co.uk/Natures-Own-Extracted-Tigerbox-Antibacterial/dp/B0754KQ4L5/ref=sr_1_56?dchild=1&m=A4XCMOKC2X26F&qid=1586625877&s=merchant-items&sr=1-56,11/04/20 17:25,4.1 out of 5 stars,"88,207 in Pet Supplies ",#713 Small Animal Food,3  customer ratings,B0754KQ4L5,https://images-na.ssl-images-amazon.com/images/I/71fQux%2BO8rL._AC_SX679_.jpg
A4XCMOKC2X26F,£27.49,Wolseley 8.5LT Green & White PLASTIC POULTRY DRINKER with SCREW IN BUNG and Tigerbox® Antibacterial Pen.,WOLSELEY,https://www.amazon.co.uk/Wolseley-PLASTIC-POULTRY-Tigerbox%C2%AE-Antibacterial/dp/B06XTSCGBM/ref=sr_1_54?dchild=1&m=A4XCMOKC2X26F&qid=1586625877&s=merchant-items&sr=1-54,11/04/20 17:25,5.0 out of 5 stars,"24,960 in Business, Industry & Science ","#31 Poultry, Pigeon & Game Bird Fountains & Waterers",1 customer rating,B06XTSCGBM,https://images-na.ssl-images-amazon.com/images/I/71nG0TxEfvL._AC_SY355_.jpg
A4XCMOKC2X26F,£8.99,Tigerbox Nature's Own Herb Mix Foraging Feed with Carrot Tops Parsley Marigold Peas Maize Leaves and Plantain for Rabbits Guinea Pigs Chinchillas Small Pets,Nature's Own & Tigerbox,https://www.amazon.co.uk/Natures-Own-Herb-Foraging-Feed/dp/B0754KGXZ9/ref=sr_1_53?dchild=1&m=A4XCMOKC2X26F&qid=1586625877&s=merchant-items&sr=1-53,11/04/20 17:25,5.0 out of 5 stars,"84,577 in Pet Supplies ",#111 Small Pet's Hay & Grass,1 customer rating,B0754KGXZ9,https://images-na.ssl-images-amazon.com/images/I/71lY9dewWYL._AC_SX569_.jpg
A4XCMOKC2X26F,£62.99,Wolseley 40 LITRE ORPINGTON WATER DRINKER Premium Robust Plastic Ideal for Poultry Fowl & Game Birds & Tigerbox® Antibacterial Pen.,WOLSELEY,https://www.amazon.co.uk/Wolseley-ORPINGTON-DRINKER-Tigerbox%C2%AE-Antibacterial/dp/B071HLZN39/ref=sr_1_52?dchild=1&m=A4XCMOKC2X26F&qid=1586625877&s=merchant-items&sr=1-52,11/04/20 17:25,4.6 out of 5 stars,"23,498 in Business, Industry & Science ","#152 Poultry, Pigeon & Game Bird Feeding Equipment",4  customer ratings,B071HLZN39,https://images-na.ssl-images-amazon.com/images/I/61nmcSwyP8L._AC_SY450_.jpg
A4XCMOKC2X26F,£13.99,Tigerbox 6 Litre Miracle Gro Mediterranean and Citrus Compost,Tigerbox,https://www.amazon.co.uk/Tigerbox-Miracle-Mediterranean-Citrus-Compost/dp/B084T3NVGJ/ref=sr_1_51?dchild=1&m=A4XCMOKC2X26F&qid=1586625877&s=merchant-items&sr=1-51,11/04/20 17:25,"13,370 in Garden & Outdoors ",#14 Mulches #163 Gardening Soils,Be the first to write a review,B084T3NVGJ,https://images-na.ssl-images-amazon.com/images/I/71AmXLO49jL._AC_SY355_.jpg,
A4XCMOKC2X26F,£24.49,Wolseley 2.5LT MUSHROOM POULTRY SUPER DRINKER Heavy Duty U.V. Stabilised Plastic - Ideal for up to 50 Chicks AND Tigerbox® Antibacterial Pen.,WOLSELEY,https://www.amazon.co.uk/Wolseley-MUSHROOM-POULTRY-DRINKER-Stabilised/dp/B06XTFG4Z5/ref=sr_1_78?dchild=1&m=A4XCMOKC2X26F&qid=1586625910&s=merchant-items&sr=1-78,11/04/20 17:25,4.6 out of 5 stars,"29,231 in Business, Industry & Science ","#188 Poultry, Pigeon & Game Bird Feeding Equipment",2  customer ratings,B06XTFG4Z5,https://images-na.ssl-images-amazon.com/images/I/71XJm9-tTvL._AC_SY450_.jpg
A4XCMOKC2X26F,£28.99,Tigerbox Galvanized 15L Metal Feed Bin with Lid & 300ml Scoop Ideal for Small Animal/Horse/Pet/Bird Seed/Food,Tigerbox,https://www.amazon.co.uk/Tigerbox-Galvanized-Metal-300ml-Animal/dp/B077G3TK9K/ref=sr_1_77?dchild=1&m=A4XCMOKC2X26F&qid=1586625910&s=merchant-items&sr=1-77,11/04/20 17:25,5.0 out of 5 stars,"31,779 in Business, Industry & Science ",#21 Livestock Food Storage,1 customer rating,B077G3TK9K,https://images-na.ssl-images-amazon.com/images/I/712legfanIL._AC_SX569_.jpg
A4XCMOKC2X26F,£34.99,5L Coconut WOLSELEY essentials Yard Shampoo Everyday Conditioning Grooming Horse Animal Care AND Tigerbox® Antibacterial Pen!,WOLSELEY essentials,https://www.amazon.co.uk/WOLSELEY-essentials-Conditioning-Tigerbox%C2%AE-Antibacterial/dp/B0744NKFVL/ref=sr_1_76?dchild=1&m=A4XCMOKC2X26F&qid=1586625910&s=merchant-items&sr=1-76,11/04/20 17:25,5.0 out of 5 stars,"97,633 in Pet Supplies ",#197 Hoof Care for Horses,1 customer rating,B0744NKFVL,https://images-na.ssl-images-amazon.com/images/I/71qHjQC69eL._AC_SX679_.jpg
A4XCMOKC2X26F,£129.99,"Gardeco TARA Deep-Drawn Steel Fire Bowl with Criss Cross Cut-Out View of Fire Ideal for Outdoor Patio Heating. Includes Mesh Spark Guard, Multi-Purpose Tool & Tigerbox Matches.",Gardeco & Tigerbox,https://www.amazon.co.uk/Gardeco-Deep-Drawn-Heating-Multi-Purpose-Tigerbox/dp/B07339XS7B/ref=sr_1_73?dchild=1&m=A4XCMOKC2X26F&qid=1586625910&s=merchant-items&sr=1-73,11/04/20 17:25,"42,051 in Garden & Outdoors ",#232 Outdoor Fire Pits,Be the first to write a review,B07339XS7B,https://images-na.ssl-images-amazon.com/images/I/71A4EGTGybL._AC_SX679_.jpg,
A4XCMOKC2X26F,£52.49,Wolseley Half Gallon (2.25LT) GALVANISED RICHARD ALBERT POULTRY DRINKER and Tigerbox® Antibacterial Pen.,WOLSELEY,https://www.amazon.co.uk/Wolseley-GALVANISED-RICHARD-Tigerbox%C2%AE-Antibacterial/dp/B06XTR8TV8/ref=sr_1_69?dchild=1&m=A4XCMOKC2X26F&qid=1586625910&s=merchant-items&sr=1-69,11/04/20 17:26,"29,032 in Business, Industry & Science ","#186 Poultry, Pigeon & Game Bird Feeding Equipment",Be the first to write a review,B06XTR8TV8,https://images-na.ssl-images-amazon.com/images/I/71wYYwwpLXL._AC_SX466_.jpg,
A4XCMOKC2X26F,£8.99,"Fireside Premium Quality Black Steel 4"" Long Shovel Fireplace Accessory. Includes Tigerbox Safety Matches.",Tigerbox®,https://www.amazon.co.uk/Fireside-Fireplace-Accessory-Tigerbox-Matches/dp/B0773VSR9B/ref=sr_1_68?dchild=1&m=A4XCMOKC2X26F&qid=1586625910&s=merchant-items&sr=1-68,11/04/20 17:26,1.0 out of 5 stars,"198,707 in DIY & Tools ",#359 Fireplace Tool Sets,1 customer rating,B0773VSR9B,https://images-na.ssl-images-amazon.com/images/I/613qt%2BGYXzL._AC_SX425_.jpg
A4XCMOKC2X26F,£194.99,Gardeco TOLEDO129-BL Extra Large Black Cast Iron Chimenea. Ideal for Outdoor Patio Heating & Tigerbox Matches.,Gardeco & Tigerbox,https://www.amazon.co.uk/Gardeco-TOLEDO129-BL-Chimenea-Tigerbox-Matches/dp/B073H7F8RM/ref=sr_1_81?dchild=1&m=A4XCMOKC2X26F&qid=1586625942&s=merchant-items&sr=1-81,11/04/20 17:26,3.0 out of 5 stars,"26,460 in Garden & Outdoors ",#28 Chimineas,2  customer ratings,B073H7F8RM,https://images-na.ssl-images-amazon.com/images/I/81KqtHtWDoL._AC_SY355_.jpg
A4XCMOKC2X26F,£10.29,tigerbox x20 EcoBag Heavy Duty Garden Sacks Bin Bags 80 Litre,tigerbox,https://www.amazon.co.uk/EcoBag-Heavy-Garden-Tigerbox-Antibacterial/dp/B07KT9TR8G/ref=sr_1_96?dchild=1&m=A4XCMOKC2X26F&qid=1586625942&s=merchant-items&sr=1-96,11/04/20 17:26,"174,060 in Garden & Outdoors ",#1498 Garden Transportation,Be the first to write a review,B07KT9TR8G,https://images-na.ssl-images-amazon.com/images/I/61MP7k8B6DL._AC_SX569_.jpg,
A4XCMOKC2X26F,£12.99,Tigerbox 2kG Nature's Own Only Natural Guinea Pig Food Pet Foraging Feed,Nature's Own & Tigerbox,https://www.amazon.co.uk/Tigerbox-Natures-Own-Natural-Foraging/dp/B01N8T414A/ref=sr_1_95?dchild=1&m=A4XCMOKC2X26F&qid=1586625942&s=merchant-items&sr=1-95,11/04/20 17:26,3.2 out of 5 stars,"143,878 in Pet Supplies ",#2135 Wet Cat Food,3  customer ratings,B01N8T414A,https://images-na.ssl-images-amazon.com/images/I/81YZzm5XE9L._AC_SY355_.jpg
A4XCMOKC2X26F,£6.99,"Fireside 1.5 Metres of 8mm Stove Rope Door Seal Replacement for Wood Burner, Log/Multi Fuel Stoves, Oven Doors and Fireplaces.",Tigerbox®,https://www.amazon.co.uk/Fireside-Replacement-Fireplaces-Tigerbox-Matches/dp/B0784D9LMQ/ref=sr_1_93?dchild=1&m=A4XCMOKC2X26F&qid=1586625942&s=merchant-items&sr=1-93,11/04/20 17:26,5.0 out of 5 stars,"318,451 in DIY & Tools ",#56 Fireplace & Oven  Sealings,1 customer rating,B0784D9LMQ,https://images-na.ssl-images-amazon.com/images/I/718ms28IY6L._AC_SX569_.jpg
A4XCMOKC2X26F,£17.99,Wolseley 4 PACK - CHINA CHICKEN NEST EGGS Artificial Poultry Coop to Encourage Laying AND Tigerbox® Antibacterial Pen.,Wolseley & TigerBox,https://www.amazon.co.uk/Wolseley-PACK-Artificial-Encourage-Antibacterial/dp/B06XXDKYV8/ref=sr_1_92?dchild=1&m=A4XCMOKC2X26F&qid=1586625942&s=merchant-items&sr=1-92,11/04/20 17:26,5.0 out of 5 stars,"36,767 in Business, Industry & Science ","#1432 Poultry, Pigeon & Game Bird Farming Equipment",1 customer rating,B06XXDKYV8,https://images-na.ssl-images-amazon.com/images/I/71KMLxbQobL._AC_SY355_.jpg
A4XCMOKC2X26F,£5.49,Wolseley 14cm Red PLASTIC POULTRY BOTTLE DRINKER For Use with 0.5LT / 0.75LT Bottles (Bottle Not Included) AND Tigerbox® Antibacterial Pen.,WOLSELEY,https://www.amazon.co.uk/Wolseley-PLASTIC-Included-Tigerbox%C2%AE-Antibacterial/dp/B0743H3JDZ/ref=sr_1_85?dchild=1&m=A4XCMOKC2X26F&qid=1586625942&s=merchant-items&sr=1-85,11/04/20 17:26,5.0 out of 5 stars,"32,652 in Business, Industry & Science ","#36 Poultry, Pigeon & Game Bird Fountains & Waterers",1 customer rating,B0743H3JDZ,https://images-na.ssl-images-amazon.com/images/I/71tN1Kb4anL._AC_SY355_.jpg
A4XCMOKC2X26F,£14.49,tigerbox x240 EcoBag Handy Bags Pedal Bin Liners/Carrier Bag 15 Litre,tigerbox,https://www.amazon.co.uk/EcoBag-Liners-Carrier-Tigerbox-Antibacterial/dp/B07KT9K6F8/ref=sr_1_84?dchild=1&m=A4XCMOKC2X26F&qid=1586625942&s=merchant-items&sr=1-84,11/04/20 17:26,"171,446 in Grocery ",#1701 Bin Liners,Be the first to write a review,B07KT9K6F8,https://images-na.ssl-images-amazon.com/images/I/613FdL8HzaL._AC_SX425_.jpg,
A4XCMOKC2X26F,£32.49,Wolseley 6KG Green & White ADJUSTABLE POULTRY SUPER FEEDER Heavy Duty U.V. Stabilised Plastic AND Tigerbox® Antibacterial Pen.,Tigerbox,https://www.amazon.co.uk/Wolseley-ADJUSTABLE-Stabilised-Tigerbox%C2%AE-Antibacterial/dp/B06XWCVMZR/ref=sr_1_83?dchild=1&m=A4XCMOKC2X26F&qid=1586625942&s=merchant-items&sr=1-83,11/04/20 17:26,2.5 out of 5 stars,"30,697 in Business, Industry & Science ","#195 Poultry, Pigeon & Game Bird Feeding Equipment",2  customer ratings,B06XWCVMZR,https://images-na.ssl-images-amazon.com/images/I/71yVjiKxO0L._AC_SX425_.jpg
A4XCMOKC2X26F,£3.49,Tigerbox® Drawstring Sports Gym Swimming Dance Wash Boot Duffle Bag Backpack,Tigerbox®,https://www.amazon.co.uk/Tigerbox%C2%AE-Drawstring-Sports-Swimming-Backpack/dp/B076X5ZL4G/ref=sr_1_82?dchild=1&m=A4XCMOKC2X26F&qid=1586625942&s=merchant-items&sr=1-82,11/04/20 17:26,4.8 out of 5 stars,"126,718 in Sports & Outdoors ",#458 Sports Duffels,6  customer ratings,249 g,https://images-na.ssl-images-amazon.com/images/I/71g40LgQBJL._AC_SX569_.jpg
A4XCMOKC2X26F,£10.29,tigerbox x20 EcoBag Heavy Duty Garden Sacks Bin Bags 80 Litre,tigerbox,https://www.amazon.co.uk/EcoBag-Heavy-Garden-Tigerbox-Antibacterial/dp/B07KT9TR8G/ref=sr_1_97?dchild=1&m=A4XCMOKC2X26F&qid=1586625972&s=merchant-items&sr=1-97,11/04/20 17:26,"174,060 in Garden & Outdoors ",#1498 Garden Transportation,Be the first to write a review,B07KT9TR8G,https://images-na.ssl-images-amazon.com/images/I/61MP7k8B6DL._AC_SX569_.jpg,
A4XCMOKC2X26F,£37.49,tigerbox Wolseley 2.5KG BEC Ascot Plastic Poultry Feeder Suitable for Indoor and Outdoor Use,Tigerbox,https://www.amazon.co.uk/Wolseley-2-5KG-PLASTIC-POULTRY-FEEDER/dp/B06XWC61DL/ref=sr_1_107?dchild=1&m=A4XCMOKC2X26F&qid=1586625972&s=merchant-items&sr=1-107,11/04/20 17:26,"50,056 in Business, Industry & Science ","#276 Poultry, Pigeon & Game Bird Feeding Equipment",Be the first to write a review,B06XWC61DL,https://images-na.ssl-images-amazon.com/images/I/713mnYbyhFL._AC_SY450_.jpg,
A4XCMOKC2X26F,£11.99,"TigerBox Stockshop 2 x 280g Mixed Corn, Grit & Dried Fruit Poultry Pecking Blocks For Chickens & Hens Antibacterial Pen.",Tigerbox,https://www.amazon.co.uk/Stockshop-Poultry-Chickens-Tigerbox%C2%AE-Antibacterial/dp/B079T5Q1TN/ref=sr_1_105?dchild=1&m=A4XCMOKC2X26F&qid=1586625972&s=merchant-items&sr=1-105,11/04/20 17:26,"49,749 in Business, Industry & Science ","#594 Poultry, Pigeon & Game Bird Feeding & Watering Supplies",Be the first to write a review,B079T5Q1TN,https://images-na.ssl-images-amazon.com/images/I/8101OFqa2hL._AC_SX522_.jpg,
A4XCMOKC2X26F,£20.99,Tigerbox Ready to Burn 55 Litre Box Hardwood Kiln Dried Logs with Safety Matches,Tigerbox®,https://www.amazon.co.uk/Tigerbox-Ready-Hardwood-Safety-Matches/dp/B07NZ7LYH6/ref=sr_1_104?dchild=1&m=A4XCMOKC2X26F&qid=1586625972&s=merchant-items&sr=1-104,11/04/20 17:27,4.0 out of 5 stars,"368,395 in DIY & Tools ",#396 Firewood,6  customer ratings,B07NZ7LYH6,https://images-na.ssl-images-amazon.com/images/I/61bu6iqHnAL._AC_SX679_.jpg
A4XCMOKC2X26F,£3.99,"Tigerbox® Be Safe Be Seen Adult Hi-Vis Safety Vest Waistcoat (XL) Suitable For Cycling, Driving, Motorcycle, Motorbike, Bike, Biker, Road Side - Yellow",Tigerbox,https://www.amazon.co.uk/Tigerbox%C2%AE-Waistcoat-Suitable-Motorcycle-Motorbike/dp/B018U8NIEI/ref=sr_1_103?dchild=1&m=A4XCMOKC2X26F&qid=1586625972&s=merchant-items&sr=1-103,11/04/20 17:27,4.8 out of 5 stars,"107,713 in Automotive ",#6719 Motorbike Clothing #77 High-Visibility Vests & Jackets,9  customer ratings,B018U8NIEI,https://images-na.ssl-images-amazon.com/images/I/81tgKA7k-YL._AC_SY355_.jpg
A4XCMOKC2X26F,£9.29,Elegant Metallic Lipstick Sized Refillable Flameless & Windproof Maxim Dufuffet Lighter & Tigerbox Matches,Tigerbox,https://www.amazon.co.uk/Metallic-Lipstick-Refillable-Flameless-Windproof/dp/B071ZQ8NS5/ref=sr_1_102?dchild=1&m=A4XCMOKC2X26F&qid=1586625972&s=merchant-items&sr=1-102,11/04/20 17:27,3.6 out of 5 stars,"142,442 in Grocery ",#377 Firelighters & Matches,20  customer ratings,B071ZQ8NS5,https://images-na.ssl-images-amazon.com/images/I/41%2Bm0IurVyL._AC_.jpg
A4XCMOKC2X26F,£13.49,tigerbox x80 EcoBag Super Strong Refuse Sacks Bin Bags 75 Litre,tigerbox,https://www.amazon.co.uk/EcoBag-Strong-Refuse-Tigerbox-Antibacterial/dp/B07KT9WN6F/ref=sr_1_98?dchild=1&m=A4XCMOKC2X26F&qid=1586625972&s=merchant-items&sr=1-98,11/04/20 17:27,"202,066 in Grocery ",#1930 Bin Liners,Be the first to write a review,B07KT9WN6F,https://images-na.ssl-images-amazon.com/images/I/61e9Ku6kYcL._AC_SY450_.jpg,
A4XCMOKC2X26F,£29.99,"Fireside Premium Quality 16"" Tall Galvanised Waterloo Coal Scuttle Bucket Fireplace Accessory. Includes Tigerbox Safety Matches.",Tigerbox®,https://www.amazon.co.uk/Fireside-Galvanised-Waterloo-Fireplace-Accessory/dp/B0774SPRMX/ref=sr_1_113?dchild=1&m=A4XCMOKC2X26F&qid=1586626002&s=merchant-items&sr=1-113,11/04/20 17:27,4.4 out of 5 stars,"322,839 in DIY & Tools ",#627 Fireplace Tool Sets,16  customer ratings,B0774SPRMX,https://images-na.ssl-images-amazon.com/images/I/71%2BAQMrKXyL._AC_SX466_.jpg
A4XCMOKC2X26F,£34.99,TigerBox TOUGH COVERS Heavy Duty Black Extra Strong Waterproof Easy Fit Front Seat Cover for your Vehicle Antibacterial Pen.,TigerBox,https://www.amazon.co.uk/TigerBox-COVERS-Waterproof-Vehicle-Antibacterial/dp/B079Y56RWF/ref=sr_1_128?dchild=1&m=A4XCMOKC2X26F&qid=1586626002&s=merchant-items&sr=1-128,11/04/20 17:27,4.6 out of 5 stars,"143,359 in Automotive ",#668 Car Seat Protection,3  customer ratings,B079Y56RWF,https://images-na.ssl-images-amazon.com/images/I/71rIdwGRXdL._AC_SX466_.jpg
A4XCMOKC2X26F,£52.99,Tigerbox Fireside Twin Burner Paraffin Greenhouse Heater Warmer Planting Seeding. Includes Safety Matches,Tigerbox,https://www.amazon.co.uk/Tigerbox-Fireside-Paraffin-Greenhouse-Planting/dp/B0774TVV1G/ref=sr_1_127?dchild=1&m=A4XCMOKC2X26F&qid=1586626002&s=merchant-items&sr=1-127,11/04/20 17:27,3.2 out of 5 stars,"168,269 in Garden & Outdoors ",#134 Greenhouse Heaters,3  customer ratings,B0774TVV1G,https://images-na.ssl-images-amazon.com/images/I/710Nb2Uko-L._AC_SY450_.jpg
A4XCMOKC2X26F,£30.99,Stockshop 1 Pair of Dehorning Saw Handles with 10 Metre Length of Wire & Tigerbox® Antibacterial Pen.,Tigerbox,https://www.amazon.co.uk/Stockshop-Dehorning-Handles-Tigerbox%C2%AE-Antibacterial/dp/B0758HQ2S8/ref=sr_1_126?dchild=1&m=A4XCMOKC2X26F&qid=1586626002&s=merchant-items&sr=1-126,11/04/20 17:27,3.1 out of 5 stars,"3,290 in Business, Industry & Science ",#30 Livestock Equipment & Supplies,3  customer ratings,B0758HQ2S8,https://images-na.ssl-images-amazon.com/images/I/718a9eFu7lL._AC_SY450_.jpg
A4XCMOKC2X26F,£18.49,Tigerbox® Galvanized Metal Door Scraper Mat Shoe Boot Welly Mud Cleaner 50 x 30cm,Tigerbox,https://www.amazon.co.uk/Tigerbox%C2%AE-Galvanized-Scraper-Removes-Antibacterial/dp/B07DGJ1BVB/ref=sr_1_125?dchild=1&m=A4XCMOKC2X26F&qid=1586626002&s=merchant-items&sr=1-125,11/04/20 17:27,1.0 out of 5 stars,"954,605 in Home & Kitchen ",#412 Draught Stoppers,1 customer rating,B07DGJ1BVB,https://images-na.ssl-images-amazon.com/images/I/71ZQw8xgM3L._AC_SX466_.jpg
A4XCMOKC2X26F,£5.49,x1 Red Gorilla Tubtrug Hoof Pick and Brush & Tigerbox® Antibacterial Pen,Red Gorilla & Tigerbox,https://www.amazon.co.uk/Red-Gorilla-Tubtrug-Tigerbox%C2%AE-Antibacterial/dp/B07LH65KZW/ref=sr_1_123?dchild=1&m=A4XCMOKC2X26F&qid=1586626002&s=merchant-items&sr=1-123,11/04/20 17:27,5.0 out of 5 stars,"178,034 in Pet Supplies ",#349 Hoof Care for Horses,1 customer rating,B07LH65KZW,https://images-na.ssl-images-amazon.com/images/I/81RzkLV2y8L._AC_SY450_.jpg
A4XCMOKC2X26F,£15.99,Tigerbox 15 Litre Nature's Own Premium Cat Litter Dust Free Absorbent Wood Pellets,Nature's Own & Tigerbox,https://www.amazon.co.uk/Tigerbox-Natures-Own-Premium-Absorbent/dp/B07N1R37FM/ref=sr_1_122?dchild=1&m=A4XCMOKC2X26F&qid=1586626002&s=merchant-items&sr=1-122,11/04/20 17:27,"193,870 in Pet Supplies ",#803 Cat Litter,Be the first to write a review,B07N1R37FM,https://images-na.ssl-images-amazon.com/images/I/71-1rt4FqqL._AC_SX425_.jpg,
A4XCMOKC2X26F,£40.99,WOLSELEY Electric Fencing Screw In Ring Insulator Compact Black - 90 Pack,WOLSELEY,https://www.amazon.co.uk/Wolseley-Electric-Fencing-Insulator-Compact/dp/B071DJ8QC4/ref=sr_1_117?dchild=1&m=A4XCMOKC2X26F&qid=1586626002&s=merchant-items&sr=1-117,11/04/20 17:27,"53,477 in Business, Industry & Science ",#633 Agricultural Fencing,Be the first to write a review,B071DJ8QC4,https://images-na.ssl-images-amazon.com/images/I/61wpHP2BV0L._AC_SX466_.jpg,
A4XCMOKC2X26F,£8.99,Raidex White High Quality Pigment Colour Marker Stick For Cattle Sheep and Pigs & Tigerbox® Antibacterial Pen.,Tigerbox,https://www.amazon.co.uk/Raidex-Quality-Pigment-Tigerbox%C2%AE-Antibacterial/dp/B0758H3QHH/ref=sr_1_116?dchild=1&m=A4XCMOKC2X26F&qid=1586626002&s=merchant-items&sr=1-116,11/04/20 17:27,5.0 out of 5 stars,"54,552 in Business, Industry & Science ",#553 Livestock Equipment & Supplies,1 customer rating,B0758H3QHH,https://images-na.ssl-images-amazon.com/images/I/71XiyswrOgL._AC_SX679_.jpg
A4XCMOKC2X26F,£9.99,2 x Large Refillable Windproof Jet Blue Flame Angled Blowtorch Rubber Touch Turbo Lighter & Tigerbox Matches,Tigerbox,https://www.amazon.co.uk/Refillable-Windproof-Blowtorch-Lighter-Tigerbox/dp/B079YTW4ZP/ref=sr_1_129?dchild=1&m=A4XCMOKC2X26F&qid=1586626030&s=merchant-items&sr=1-129,11/04/20 17:27,4.2 out of 5 stars,"221,780 in Grocery ",#678 Firelighters & Matches,3  customer ratings,B079YTW4ZP,https://images-na.ssl-images-amazon.com/images/I/61Fjrc5DguL._AC_SY450_.jpg
A4XCMOKC2X26F,£21.49,TWIN PACK. 2 x Small Shallow Purple Flexible Strong TubTrugs® Storage Bucket Baskets (ALL COLOURS AND SIZES) & Tigerbox® Antibacterial Pen,TubTrugs & Tigerbox,https://www.amazon.co.uk/Shallow-Flexible-TubTrugs%C2%AE-Tigerbox%C2%AE-Antibacterial/dp/B06WLGVGWR/ref=sr_1_144?dchild=1&m=A4XCMOKC2X26F&qid=1586626030&s=merchant-items&sr=1-144,11/04/20 17:27,3.0 out of 5 stars,"177,263 in Garden & Outdoors ",#272 Outdoor Storage Containers,1 customer rating,B06WLGVGWR,https://images-na.ssl-images-amazon.com/images/I/81aa6thmg0L._AC_SY355_.jpg
A4XCMOKC2X26F,£9.99,WOLSELEY Electric Fencing Gate Handle with Hook & Tension Spring - Purple,WOLSELEY,https://www.amazon.co.uk/Wolseley-Electric-Fencing-Handle-Tension/dp/B071XXC2VK/ref=sr_1_143?dchild=1&m=A4XCMOKC2X26F&qid=1586626030&s=merchant-items&sr=1-143,11/04/20 17:27,2.9 out of 5 stars,"60,811 in Business, Industry & Science ",#686 Agricultural Fencing,2  customer ratings,B071XXC2VK,https://images-na.ssl-images-amazon.com/images/I/7126aTdK7FL._AC_SX569_.jpg
A4XCMOKC2X26F,£3.49,"Tigerbox 150 x 25cm Bamboo Wooden Skewers Great For BBQ, Kebabs, Fruit, Chocolate Fountains, Fondues ",Tigerbox,https://www.amazon.co.uk/Tigerbox-Skewers-Chocolate-Fountains-Fondues/dp/B07BDNGK7P/ref=sr_1_142?dchild=1&m=A4XCMOKC2X26F&qid=1586626030&s=merchant-items&sr=1-142,11/04/20 17:27,5.0 out of 5 stars,"212,050 in Garden & Outdoors ",#412 Barbecue Skewers,2  customer ratings,B07BDNGK7P,https://images-na.ssl-images-amazon.com/images/I/81hhJDfE-SL._AC_SY355_.jpg
A4XCMOKC2X26F,£13.99,Wolseley High Performance Clipping Oil Ideal for Animals with Sensitive Skins - 150ml AND Tigerbox® Antibacterial Pen.,Wolseley & TigerBox,https://www.amazon.co.uk/Wolseley-Performance-Clipping-Animals-Sensitive/dp/B071J4389P/ref=sr_1_141?dchild=1&m=A4XCMOKC2X26F&qid=1586626030&s=merchant-items&sr=1-141,11/04/20 17:27,2.0 out of 5 stars,"191,712 in Pet Supplies ",#1707 Grooming Products for Horses,1 customer rating,B071J4389P,https://images-na.ssl-images-amazon.com/images/I/71wNBYn9VpL._AC_SY450_.jpg
A4XCMOKC2X26F,£9.49,2 x Turbo Windproof Double Jet Blue Flame Blowtorch PROF Refillable Lighter & Tigerbox Matches,Tigerbox,https://www.amazon.co.uk/Windproof-Blowtorch-Refillable-Lighter-Tigerbox/dp/B0793SHCNS/ref=sr_1_140?dchild=1&m=A4XCMOKC2X26F&qid=1586626030&s=merchant-items&sr=1-140,11/04/20 17:27,3.9 out of 5 stars,"257,971 in Grocery ",#827 Firelighters & Matches,5  customer ratings,B0793SHCNS,https://images-na.ssl-images-amazon.com/images/I/71ftMehfXBL._AC_SX569_.jpg
A4XCMOKC2X26F,£2.99,CNL USB SYNC AND CHARGE CABLE FOR THE NEW APPLE IPAD 3 HD TABLET (3RD GENERATION - MARCH 2012),CNL,https://www.amazon.co.uk/CNL-CHARGE-CABLE-TABLET-GENERATION/dp/B007K8VGVW/ref=sr_1_139?dchild=1&m=A4XCMOKC2X26F&qid=1586626030&s=merchant-items&sr=1-139,11/04/20 17:27,2.8 out of 5 stars,"215,693 in Computers & Accessories ",#9341 USB Cables #45048 Tablet Accessories,10  customer ratings,B007K8VGVW,https://images-na.ssl-images-amazon.com/images/I/41MK7TPnLsL._AC_SX466_.jpg
A4XCMOKC2X26F,£42.99,Summit Orca Padded Camping Chair for Festivals and Holidays & Tigerbox Safety Matches,Summit,https://www.amazon.co.uk/Blue-Summit-Camping-Chair-Carry/dp/B06X9MCZYR/ref=sr_1_138?dchild=1&m=A4XCMOKC2X26F&qid=1586626030&s=merchant-items&sr=1-138,11/04/20 17:27,3.2 out of 5 stars,"198,304 in Sports & Outdoors ",#685 Camping Chairs,5  customer ratings,2 Kg,https://images-na.ssl-images-amazon.com/images/I/71wZUZ363EL._AC_SX569_.jpg
A4XCMOKC2X26F,£11.99,"WOLSELEY essentials 42"" Hay Net with 3"" Mesh AND Tigerbox® Antibacterial Pen!",WOLSELEY essentials,https://www.amazon.co.uk/Pink-WOLSELEY-essentials-Tigerbox%C2%AE-Antibacterial/dp/B06XD6GMX3/ref=sr_1_136?dchild=1&m=A4XCMOKC2X26F&qid=1586626030&s=merchant-items&sr=1-136,11/04/20 17:27,"261,409 in Pet Supplies ",#761 Feeding & Watering Supplies for Horses,Be the first to write a review,https://images-na.ssl-images-amazon.com/images/I/81YQLQCTW9L._AC_SY450_.jpg,,
A4XCMOKC2X26F,£18.99,Stockshop (2 Pack) 1.8 Metres Long Calving Ropes with Double Loop & Tigerbox® Antibacterial Pen.,Tigerbox,https://www.amazon.co.uk/Stockshop-Metres-Calving-Tigerbox%C2%AE-Antibacterial/dp/B0758GP2LY/ref=sr_1_135?dchild=1&m=A4XCMOKC2X26F&qid=1586626030&s=merchant-items&sr=1-135,11/04/20 17:28,1.0 out of 5 stars,"58,609 in Business, Industry & Science ",#588 Livestock Equipment & Supplies,1 customer rating,B0758GP2LY,https://images-na.ssl-images-amazon.com/images/I/712GZrBdJTL._AC_SX679_.jpg
A4XCMOKC2X26F,£11.99,Stockshop 500ml Lamb Feeding Bottle & Pritchard Teat for Hand Rearing/Feeding Lambs & Tigerbox® Antibacterial Pen.,Tigerbox,https://www.amazon.co.uk/Stockshop-Feeding-Pritchard-Tigerbox%C2%AE-Antibacterial/dp/B079S6ZPZG/ref=sr_1_134?dchild=1&m=A4XCMOKC2X26F&qid=1586626030&s=merchant-items&sr=1-134,11/04/20 17:28,5.0 out of 5 stars,"54,041 in Business, Industry & Science ",#55017 Agricultural Equipment & Supplies,1 customer rating,B079S6ZPZG,https://images-na.ssl-images-amazon.com/images/I/61gSLKodt1L._AC_SY450_.jpg
A4XCMOKC2X26F,£29.49,Stockshop Greenline Bio-Plastic Poultry Drinker 3.5LT with Feet,Stockshop & Tigerbox,https://www.amazon.co.uk/Stockshop-Greenline-Bio-Plastic-Tigerbox-Antibacterial/dp/B07LBQ17YG/ref=sr_1_133?dchild=1&m=A4XCMOKC2X26F&qid=1586626030&s=merchant-items&sr=1-133,11/04/20 17:28,"81,308 in Business, Industry & Science ","#102 Poultry, Pigeon & Game Bird Fountains & Waterers",Be the first to write a review,B07LBQ17YG,https://images-na.ssl-images-amazon.com/images/I/61Um%2BYPARUL._AC_SX569_.jpg,
A4XCMOKC2X26F,£35.99,Fireside Premium Quality Galvanized Metal Ash Carrier Hot Tidy Box Fireplace Accessory. Includes Tigerbox Safety Matches.,Tigerbox®,https://www.amazon.co.uk/Fireside-Galvanized-Fireplace-Accessory-Tigerbox/dp/B0773V7G3H/ref=sr_1_131?dchild=1&m=A4XCMOKC2X26F&qid=1586626030&s=merchant-items&sr=1-131,11/04/20 17:28,3.7 out of 5 stars,"360,893 in DIY & Tools ",#89 Ash Boxes,17  customer ratings,B0773V7G3H,https://images-na.ssl-images-amazon.com/images/I/71Bf78hnDXL._AC_SX466_.jpg
A4XCMOKC2X26F,£16.49,"tigerbox Thick EVA Sole Pad Inserts to fit Tubbease Hoof Sock - Blue, Large",tigerbox,https://www.amazon.co.uk/tigerbox-Thick-Sole-Inserts-Tubbease/dp/B07YNSBP16/ref=sr_1_130?dchild=1&m=A4XCMOKC2X26F&qid=1586626030&s=merchant-items&sr=1-130,11/04/20 17:28,"232,847 in Pet Supplies ",#489 Hoof Care for Horses,Be the first to write a review,B07YNSBP16,https://images-na.ssl-images-amazon.com/images/I/51u-jqTYa3L._AC_SY355_.jpg,
A4XCMOKC2X26F,£13.99,Stockshop 7mm Unbleached Cotton Calf / Sheep Halter Rope Lead For Livestock Handling and Showing & Tigerbox® Antibacterial Pen.,Tigerbox,https://www.amazon.co.uk/Stockshop-Unbleached-Livestock-Tigerbox%C2%AE-Antibacterial/dp/B0758GZ6T3/ref=sr_1_160?dchild=1&m=A4XCMOKC2X26F&qid=1586626060&s=merchant-items&sr=1-160,11/04/20 17:28,"74,919 in Business, Industry & Science ",#23 Livestock Handling Supplies,Be the first to write a review,B0758GZ6T3,https://images-na.ssl-images-amazon.com/images/I/715THnRMoQL._AC_SX466_.jpg,
A4XCMOKC2X26F,£39.99,Fireside Premium 3 Fold Mesh Panel Firescreen Spark Guard (Black). Includes Tigerbox Safety Matches.,Tigerbox®,https://www.amazon.co.uk/Fireside-Premium-Firescreen-Tigerbox-Matches/dp/B0774RV15T/ref=sr_1_158?dchild=1&m=A4XCMOKC2X26F&qid=1586626060&s=merchant-items&sr=1-158,11/04/20 17:28,5.0 out of 5 stars,"524,596 in DIY & Tools ",#236 Fireplace Spark Protection,1 customer rating,B0774RV15T,https://images-na.ssl-images-amazon.com/images/I/91Yj9ncFVnL._AC_SX466_.jpg
A4XCMOKC2X26F,£13.99,tigerbox x150 EcoBag Drawstring Pedal Bin Bags Liners Vanilla Scented 30 Litre,tigerbox,https://www.amazon.co.uk/EcoBag-Drawstring-Vanilla-Tigerbox-Antibacterial/dp/B07KT9D4XS/ref=sr_1_157?dchild=1&m=A4XCMOKC2X26F&qid=1586626060&s=merchant-items&sr=1-157,11/04/20 17:28,3.0 out of 5 stars,"953,539 in Home & Kitchen ",#5152 Waste & Recycling,1 customer rating,B07KT9D4XS,https://images-na.ssl-images-amazon.com/images/I/61Hw6e6t8FL._AC_SX522_.jpg
A4XCMOKC2X26F,£21.99,20 Litres of Fuel Express Ready To Use Screenwash Car Cleaning Windscreen Winter Fluid & Tigerbox Antibacterial Pen,Tigerbox,https://www.amazon.co.uk/Screenwash-Cleaning-Windscreen-Tigerbox-Antibacterial/dp/B0774TH9ST/ref=sr_1_155?dchild=1&m=A4XCMOKC2X26F&qid=1586626060&s=merchant-items&sr=1-155,11/04/20 17:28,"216,532 in Automotive ",#316 Screenwash,Be the first to write a review,B0774TH9ST,https://images-na.ssl-images-amazon.com/images/I/61wyy5wXuaL._AC_SY355_.jpg,
A4XCMOKC2X26F,£8.99,3 PACK - Red Gorilla Micro Tubtrugs Flexible Storage Bucket Basket.Endless Uses!! (Assorted Colours) & Tigerbox® Antibacterial Pen,Red Gorilla & Tigerbox,https://www.amazon.co.uk/PACK-Tubtrugs-Basket-Endless-Tigerbox%C2%AE-Antibacterial/dp/B07K47TMQX/ref=sr_1_154?dchild=1&m=A4XCMOKC2X26F&qid=1586626060&s=merchant-items&sr=1-154,11/04/20 17:28,5.0 out of 5 stars,"134,318 in Garden & Outdoors ",#186 Outdoor Storage Containers,3  customer ratings,B07K47TMQX,https://images-na.ssl-images-amazon.com/images/I/71-wKxdzAHL._AC_SY355_.jpg
